country,1961,1962,1963,1964,1965,1966,1967,1968,1969,1970,1971,1972,1973,1974,1975,1976,1977,1978,1979,1980,1981,1982,1983,1984,1985,1986,1987,1988,1989,1990,1991,1992,1993,1994,1995,1996,1997,1998,1999,2000,2001,2002,2003,2004,2005,2006,2007,2008,2009,2010,2011,2012,2013,2014,2015,2016,2017,2018
Afghanistan,,,,,,,,,,,,,,,,,,,,,,,,,,,,,,,,,,,,,,,,,,,0.117,0.113,0.109,0.072,0.225,0.021,-0.0216,0.0381,0.166,0.073,0.0482,0.00567,0.0245,0.051,0.0195,0.00792
Albania,,,,,,,,,,,,,,,,,,,,,-0.0214,-0.000177,-0.000168,-0.000284,0.00351,-0.0242,-0.0000031,-0.0000058,0.0000368,-0.00431,0.355,2.33,1.26,0.358,0.0997,0.382,0.112,0.0673,0.021,0.0564,0.0381,0.0364,0.052,0.0316,0.033,0.0248,0.0439,0.0412,0.0242,0.0449,0.0231,0.0104,0.00289,0.0155,0.00564,-0.00632,0.0147,0.00948
Algeria,0.0347,0.0235,0.00549,0.017,0.015,0.0182,0.0131,0.0314,0.0192,0.0494,0.172,-0.0461,0.0963,0.489,0.0591,0.108,0.119,0.101,0.14,0.259,0.144,0.0194,0.068,0.0843,0.0497,0.0241,0.0884,0.0906,0.16,0.303,0.538,0.219,0.136,0.291,0.286,0.24,0.07,-0.0313,0.109,0.227,-0.00468,0.0132,0.0834,0.122,0.161,0.105,0.0639,0.153,-0.112,0.161,0.182,0.0746,-0.000953,-0.00301,-0.0646,0.0155,0.047,0.0756
Andorra,,,,,,,,,,,0.0785,0.0852,0.118,0.159,0.168,0.165,0.234,0.206,0.169,0.134,0.124,0.136,0.119,0.109,0.086,0.109,0.0594,0.0594,0.069,0.0733,0.0694,0.0671,0.0454,0.0388,0.0493,0.00797,0.0223,0.015,0.0273,0.292,0.0277,0.034,0.0288,0.0335,0.031,0.032,0.0387,0.0198,-0.0000001,0.016,0.025,0.011,0.0000036,-0.001,-0.00455,0.007,0.0106,0.00896
Angola,,,,,,,,,,,,,,,,,,,,,-0.021,0,0.000128,0.0000119,0.19,-0.0901,0.0982,0.0221,0.163,0.14,1.06,4.77,9.18,21.8,18.3,48,0.955,0.394,5.58,4.18,1.06,1.97,0.939,0.334,0.424,0.171,0.0431,0.194,-0.168,0.317,0.318,0.0726,0.0284,0.0356,-0.0352,0.218,0.226,0.348
Antigua and Barbuda,,,,,,,,,,,,,,,,,,0.0864,0.148,0.114,0.0835,0.113,0.0517,0.0384,0.0741,0.0812,0.0888,0.124,0.0458,0.0165,0.0261,0.0246,0.0181,0.0325,0.024,0.0298,0.0183,0.0211,0.015,0.0155,0.0148,0.00702,-0.00963,0.0164,0.0446,0.00408,0.0374,0.0438,0.0179,0.0152,0.0102,0.0204,-0.00947,0.0191,0.0302,0.0187,-0.00931,0.0216
Argentina,0.203,0.289,0.256,0.288,0.212,0.256,0.29,0.103,0.078,0.0647,0.313,0.642,0.655,0.306,1.98,4.38,1.59,1.61,1.47,0.958,1.05,1.95,3.8,6.11,6.07,0.773,1.28,3.81,30.5,20.8,1.41,0.161,-0.0356,0.0285,0.0317,-0.000524,-0.00464,-0.0171,-0.0184,0.0104,-0.011,0.306,0.105,0.184,0.103,0.137,0.149,0.232,0.154,0.209,0.237,0.223,0.239,0.403,0.266,0.411,0.26,0.407
Armenia,,,,,,,,,,,,,,,,,,,,,,,,,,,,,,,0.794,5.69,13.9,41.1,1.61,0.196,0.177,0.107,0.000538,-0.0137,0.0407,0.0237,0.0456,0.0631,0.0324,0.0462,0.0423,0.0599,0.0256,0.0777,0.0428,0.0535,0.0337,0.0231,0.0121,0.00269,0.0215,0.0258
Australia,0.0322,-0.000754,0.0179,0.0328,0.0298,0.0269,0.0487,0.0225,0.0475,0.0513,0.0519,0.0619,0.0898,0.164,0.165,0.14,0.114,0.0824,0.0863,0.1,0.0953,0.117,0.102,0.0786,0.0463,0.0646,0.0705,0.0721,0.0925,0.0609,0.0304,0.015,0.00894,0.0102,0.0226,0.027,0.0123,0.0127,0.00357,0.0258,0.0462,0.0286,0.0311,0.0331,0.038,0.0509,0.0501,0.0453,0.05,0.0117,0.0625,0.0186,-0.00124,0.0148,-0.0055,-0.00533,0.0374,0.0189
Austria,0.0509,0.0334,0.0368,0.0318,0.0532,0.0312,0.0325,0.0284,0.0273,0.0645,0.062,0.076,0.0805,0.095,0.0646,0.0562,0.052,0.0599,0.0411,0.0558,0.0672,0.0536,0.0347,0.0495,0.0296,0.0295,0.0244,0.0153,0.0296,0.03,0.0364,0.0348,0.0276,0.0252,0.0181,0.00986,0.0127,0.00442,0.00256,0.0136,0.0195,0.0115,0.0131,0.0174,0.0254,0.0189,0.0222,0.0196,0.0189,0.00873,0.0183,0.0205,0.0162,0.0218,0.023,0.0167,0.0113,0.017
Azerbaijan,,,,,,,,,,,,,,,,,,,,,,,,,,,,,,,0.835,10.7,7.47,13.9,5.46,0.264,0.0924,-0.00965,0.0216,0.125,0.0252,0.0421,0.0696,0.0925,0.147,0.113,0.206,0.28,-0.189,0.138,0.246,0.0284,0.00414,-0.0133,-0.0881,0.146,0.167,0.119
Bahamas,0.0116,0.0109,0.0134,0.0151,0.0201,0.0377,0.0471,0.0516,0.0893,0.0615,0.0458,0.0679,0.0555,0.132,0.107,0.0239,0.0173,0.0225,0.0855,0.1,0.177,0.037,0.0598,0.0317,0.0846,0.0466,0.0659,0.0148,0.0181,0.0507,0.0256,0.0391,-0.00852,0.0218,0.00802,0.00984,0.719,0.0305,0.0495,0.00922,0.00353,0.0396,0.0115,0.0119,0.0506,0.00828,0.0295,0.0149,-0.0104,-0.00393,-0.00858,0.0327,0.0153,0.0256,0.0705,0.0113,0.0171,0.00679
Bahrain,,,,,,,,,,,,,,,,,,,,,0.189,0.137,-0.0369,-0.00418,-0.0182,-0.174,0.00659,0.0201,0.0397,0.0483,-0.0188,-0.0353,-0.0303,0.0733,0.0109,0.00197,0.00932,-0.0706,0.0266,0.3,-0.0336,0.0341,0.086,0.11,0.137,0.0884,0.0844,0.114,-0.13,0.0744,0.0974,0.0301,0.00384,-0.0167,-0.0937,0.00134,0.0584,0.0467
Bangladesh,0.0626,0.000222,0.0516,-0.0874,0.0793,0.063,0.148,-0.0577,0.118,0.0051,0.0296,0.044,0.614,0.445,0.806,-0.176,-0.0321,0.256,0.126,0.176,0.0989,0.0986,0.0849,0.0788,0.185,0.0825,0.111,0.075,0.0834,0.0653,0.0273,0.0258,0.00156,0.0397,0.0714,0.191,0.038,0.0474,0.0378,0.0345,0.0326,0.0389,0.0582,0.0456,0.0459,0.0588,0.0647,0.0786,0.0676,0.0714,0.0786,0.0816,0.0717,0.0567,0.0587,0.0673,0.0628,0.056
Barbados,,,,,,,,,,,,,,,0.294,0.0302,0.0975,0.0672,0.124,0.23,0.122,0.0987,0.0565,0.052,0.0353,0.0446,0.0734,0.0276,0.0674,0.228,0.0322,0.0249,0.0465,0.0306,0.0307,0.0255,0.00914,0.087,0.0444,-0.0134,0.0226,0.00904,0.0112,0.0582,0.0668,0.0241,0.088,0.0145,-0.0191,0.0369,0.0364,-0.00956,0.0287,0.00579,-0.0155,0.00151,0.0326,0.0363
Belarus,,,,,,,,,,,,,,,,,,,,,,,,,,,,,,,1.1,10.3,10.6,19.5,6.62,0.537,0.716,0.766,3.17,1.85,0.795,0.449,0.307,0.227,0.19,0.107,0.129,0.212,0.0926,0.113,0.71,0.753,0.213,0.181,0.16,0.0834,0.0862,0.121
Belgium,0.0132,0.0167,0.0303,0.0464,0.051,0.0409,0.0319,0.0262,0.0402,0.0667,0.0536,0.0632,0.0681,0.122,0.129,0.0758,0.0748,0.0442,0.0451,0.0413,0.0514,0.0757,0.0561,0.0544,0.0463,0.028,0.0168,0.0217,0.048,0.0281,0.0288,0.0342,0.0399,0.0209,0.0122,0.00477,0.00758,0.0181,0.00599,0.0201,0.0198,0.0164,0.0185,0.0192,0.0208,0.0226,0.0193,0.0191,0.00533,0.0189,0.0181,0.0196,0.0127,0.00983,0.0134,0.0174,0.0172,0.0153
Belize,0.0176,0.0136,0.00938,0.0214,0.0561,0.0577,0.0312,0.0168,0.00216,0.0737,0.0506,-0.0124,0.147,0.217,0.169,0.0116,0.0224,0.0735,0.0359,0.149,-0.0204,-0.0698,0.0774,0.0944,-0.0181,0.042,0.0958,0.0373,0.0205,0.00173,-0.0318,0.0399,0.0165,0.0359,0.0608,0.0197,-0.0148,0.015,-0.0223,0.00476,-0.00223,0.0175,-0.0286,0.0207,0.0268,0.0448,0.0485,0.0273,-0.0309,-0.00233,0.0383,0.0128,0.0283,0.0153,0.00228,0.0359,0.02,-0.0112
Benin,0.0104,0.0378,0.0255,-0.00364,0.0206,0.0114,0.00141,0.0327,0.0345,0.0505,0.0157,0.0532,0.0482,0.149,0.142,0.14,0.0518,0.123,0.13,0.102,0.0747,0.161,0.0475,0.0195,-0.0488,-0.036,0.0303,-0.00611,0.0222,0.0218,0.00757,0.0303,0.0238,0.35,0.151,0.0691,0.0367,0.0523,0.483,0.0434,0.0197,0.0355,0.0306,0.0077,0.0429,0.0209,0.0039,0.0643,0.0254,0.00881,0.0373,0.077,0.014,-0.00248,0.00852,0.00684,-0.00368,0.0059
Bhutan,,,,,,,,,,,,,,,,,,,,,0.0438,0.0747,0.0664,0.1,0.0631,0.0668,0.00404,0.147,0.0551,0.0571,0.0876,0.093,0.0819,0.129,0.0805,0.0806,0.125,0.105,0.0744,-0.0114,0.0536,0.0476,0.0307,0.037,0.059,0.0542,0.0295,0.0551,0.0476,0.0585,0.0851,0.0918,0.0587,0.0692,0.0356,0.0438,0.051,0.0178
Bolivia,0.0655,0.0356,0.00824,0.0839,0.0589,0.0332,0.0623,0.0459,0.0372,0.0396,0.0254,0.19,0.429,0.615,0.067,0.086,0.125,0.141,0.198,0.248,0.294,1.59,2.66,14.4,123,2.3,0.14,0.182,0.132,0.163,0.177,0.132,0.0656,0.0795,0.114,0.116,0.0571,0.0705,0.0241,0.052,0.0187,0.0282,0.0633,0.0797,0.0594,0.137,0.0737,0.104,-0.0242,0.0878,0.146,0.071,0.06,0.0205,-0.0462,-0.0135,0.0606,0.0306
Bosnia and Herzegovina,,,,,,,,,,,,,,,,,,,,,,,,,,,,,,,,,,,0.0885,-0.171,0.13,-0.0158,0.0836,0.288,0.0296,0.0446,0.00912,0.0844,-0.0276,0.078,0.062,0.0735,0.00184,0.0151,0.0248,0.00672,-0.00225,0.0101,0.0137,0.0141,0.0274,0.0275
Botswana,0.0193,0.0136,0.0118,0.0255,0.0385,0.0579,0.0758,0.0217,0.0158,0.0598,0.0466,0.108,0.0991,0.128,0.165,0.113,0.0494,0.125,0.219,0.102,-0.000883,0.037,0.0875,0.154,0.229,0.141,0.127,0.227,0.136,0.063,0.0518,0.0664,0.131,0.0946,0.0716,0.161,0.0499,0.0997,0.142,0.142,0.0831,0.0119,0.0326,0.101,0.155,0.0747,0.0493,0.0473,0.0646,0.0892,0.14,0.00194,0.0231,0.119,0.0187,0.12,0.0261,0.00928
Brazil,0.313,0.788,0.698,0.938,0.514,0.394,0.292,0.267,0.209,0.171,0.203,0.191,0.227,0.348,0.339,0.476,0.462,0.411,0.565,0.873,1.07,1.05,1.4,2.13,2.32,1.45,2.04,6.51,12.1,27,4.14,9.68,20,23,0.895,0.185,0.0773,0.0492,0.0801,0.0561,0.0823,0.098,0.141,0.0775,0.0743,0.0677,0.0644,0.0878,0.0731,0.0842,0.0832,0.0794,0.075,0.0785,0.0757,0.081,0.0364,0.0329
Brunei,,,,,,,,,,,,,,,0.0552,0.0563,0.0838,-0.0217,0.127,0.861,0.0902,-0.0484,-0.114,-0.0127,-0.0246,-0.319,0.107,-0.0767,0.087,0.0841,-0.0284,0.0173,-0.0295,-0.0876,0.0287,0.0449,0.0858,-0.116,0.116,0.29,-0.0559,0.00374,0.061,0.159,0.188,0.1,0.0112,0.127,-0.221,0.167,0.202,0.0122,-0.0282,-0.0201,-0.175,-0.0918,0.0495,0.0922
Bulgaria,,,,,,,,,,,,,,,,,,,,,0.0282,0.0192,-0.00645,0.0274,0.00229,0.0135,0.000638,-0.0539,0.0673,0.262,2.27,0.596,0.511,0.727,1.35,0.698,7.79,0.312,0.0322,0.072,0.0611,0.0377,0.0227,0.0566,0.0651,0.0674,0.111,0.0813,0.0405,0.0111,0.0598,0.0156,-0.00703,0.00463,0.0221,0.0225,0.034,0.0362
Burkina Faso,0.019,0.0201,0.0515,0.0181,-0.00656,0.023,-0.0441,-0.00264,0.0691,0.0178,0.0338,0.073,0.0268,0.11,0.0818,0.0673,0.187,0.145,0.0775,0.0869,0.136,0.0905,0.0541,0.065,0.00757,-0.0635,0.0124,0.0341,0.0483,0.0181,-0.0397,0.00227,-0.0144,0.146,0.0677,0.00349,0.0156,0.0794,0.0444,-0.0082,0.0318,0.0384,0.0148,0.000906,0.0374,-0.00663,0.00995,0.0764,0.0241,0.0681,0.0671,0.0582,-0.0213,-0.0062,-0.0307,-0.0126,0.0473,0.0237
Burundi,0.201,-0.0357,0.0469,0.0542,-0.0103,0.0315,-0.0532,0.0306,0.0536,0.0518,0.0138,0.0429,0.0551,0.125,0.211,0.0807,0.143,0.125,0.261,0.164,-0.0606,0.0567,0.0643,0.172,0.0507,-0.0426,-0.0342,0.0349,0.148,0.0599,0.0409,0.054,0.0774,0.0664,0.161,0.145,0.324,0.115,0.15,0.389,0.137,0.0103,0.119,0.131,0.188,0.0285,0.0827,0.242,0.105,0.0856,0.0836,0.143,0.0796,0.053,0.213,0.0096,0.114,-0.0285
Cambodia,,,,,,,,,,,,,,,,,,,,,,,,,,,,,,,,,,0.6,0.08,0.0303,0.0601,0.104,0.0126,-0.0428,0.0265,0.00713,0.018,0.0482,0.0608,0.0463,0.0652,0.123,0.025,0.0312,0.0336,0.0144,0.00781,0.0263,0.0172,0.0338,0.0332,0.0308
Cameroon,0.0506,0.0311,-0.00264,0.0442,0.0275,0.00188,0.236,0.0575,0.053,0.0788,0.0344,0.0798,0.0653,0.107,0.0599,0.197,0.0588,0.0341,0.129,0.142,0.088,0.125,0.128,0.136,0.112,0.00179,-0.0239,0.00814,-0.0182,0.0164,0.0357,-0.0128,0.398,0.0962,0.0499,0.0107,0.0559,0.0431,-0.0112,0.0521,0.0146,0.0184,0.00196,0.0199,0.00749,0.0336,0.00958,0.0661,0.0165,0.0191,0.0267,0.0267,0.0204,0.021,0.00179,0.0109,0.0148,0.016
Canada,0.0244,0.0131,0.0214,0.0283,0.0379,0.0495,0.0441,0.0406,0.0483,0.0467,0.0498,0.0584,0.0982,0.157,0.111,0.0879,0.0682,0.0688,0.101,0.101,0.108,0.0882,0.0576,0.0354,0.0333,0.0308,0.0478,0.0456,0.0472,0.0341,0.0305,0.0148,0.013,0.0147,0.0224,0.0174,0.0114,0.00874,0.0307,0.046,0.0202,0.00841,0.0126,0.0246,0.0138,0.0109,-0.0133,0.04,-0.0232,0.0287,0.0324,0.012,0.0173,0.0196,-0.00902,0.00797,0.0256,0.0193
Cape Verde,,,,,,,,,,,,,,,,,,,,,0.0958,0.174,0.106,0.0877,0.0367,0.177,0.0696,0.0541,0.0358,0.0235,0.0479,-0.0412,0.494,-0.292,-0.0155,-0.00546,-0.00835,-0.00336,0.0761,-0.079,0.0516,-0.00363,0.0492,-0.0633,-0.0179,0.0464,0.0875,0.0355,0.0217,0.00505,0.0268,0.00553,0.0143,-0.00147,0.0174,-0.00232,0.00685,0.0153
Central African Republic,0.0464,0.0489,0.0467,0.0754,0.0504,0.0448,-0.00774,0.162,-0.0385,0.0449,0.0494,0.0464,0.022,0.0538,0.193,0.26,0.114,0.0923,0.109,0.183,0.139,0.209,0.111,0.0142,0.341,-0.0343,-0.023,0.0262,0.0246,0.0184,-0.0039,0.0278,-0.0343,0.244,0.099,-0.0354,0.00823,-0.00414,0.0408,0.0851,0.00426,-0.0237,0.0134,-0.0444,0.0419,0.0333,0.0184,0.0708,0.00712,0.0421,0.0401,0.0618,0.0249,0.119,0.0271,0.0298,0.0644,-0.0122
Chad,0.0506,0.0153,0.0564,0.0823,0.0567,0.0598,0.0328,0.0203,0.0207,0.0386,0.0899,0.0555,0.0671,0.0374,0.0822,0.0845,0.0862,0.099,0.0819,0.0873,0.0805,0.0922,0.000121,0.241,-0.0511,-0.169,-0.0313,0.0936,-0.0125,0.0801,0.0307,-0.129,-0.0131,0.435,0.0883,0.115,0.0378,0.0675,-0.0757,0.0529,0.138,0.0191,0.00079,0.0973,0.281,0.0998,0.033,0.0865,-0.0956,0.0639,0.0858,0.011,-0.0414,0.00646,-0.0848,-0.014,0.000283,0.0511
Chile,0.0657,0.129,0.438,0.479,0.388,0.286,0.251,0.335,0.402,0.406,0.177,0.876,4.15,6.79,3.47,2.47,1.02,0.563,0.48,0.291,0.116,0.0766,0.31,0.157,0.417,0.215,0.258,0.217,0.138,0.225,0.214,0.135,0.122,0.145,0.117,0.0337,0.0306,0.0104,0.0228,0.0427,0.0386,0.0339,0.0458,0.0785,0.0764,0.122,0.0534,-0.000534,0.0465,0.0896,0.0311,0.0113,0.0198,0.0591,0.0495,0.0447,0.05,0.0202
China,0.153,-0.00115,-0.0262,-0.00362,0.0087,-0.0156,0.00814,0.0136,-0.0379,-0.0261,0.00666,0.000742,0.00208,0.00278,-0.0113,-0.00106,0.0109,0.0185,0.0359,0.0378,0.023,-0.000646,0.011,0.0499,0.102,0.0468,0.0505,0.121,0.0862,0.0572,0.0668,0.082,0.152,0.206,0.137,0.065,0.0162,-0.00893,-0.0127,0.0206,0.0204,0.00605,0.0261,0.0695,0.039,0.0393,0.0775,0.0779,-0.00211,0.0688,0.0808,0.0234,0.0216,0.00791,0.000627,0.0107,0.0388,0.0293
Colombia,0.0823,0.0665,0.232,0.163,0.086,0.151,0.107,0.0847,0.0844,0.119,0.108,0.13,0.202,0.254,0.228,0.255,0.292,0.171,0.24,0.276,0.228,0.248,0.204,0.222,0.249,0.292,0.234,0.278,0.247,0.523,0.27,0.227,0.248,0.221,0.189,0.169,0.168,0.148,0.126,0.337,0.0652,0.0597,0.0683,0.0728,0.0456,0.0578,0.0513,0.0774,0.0424,0.0374,0.0599,0.0368,0.0249,0.0208,0.0245,0.0515,0.0511,0.0367
Comoros,,,,,,,,,,,,,,,,,,,,,0.146,0.0653,0.152,0.0616,0.0707,0.0739,0.0322,0.0194,0.0596,0.0218,0.0812,-0.0676,0.0283,0.0942,0.0832,0.032,0.00924,0.0135,0.0581,-0.0446,0.0863,0.0417,0.0511,0.0339,0.00316,0.0311,0.0354,0.0311,0.0103,0.0165,0.0309,0.0424,0.0172,0.00842,-0.00492,0.0171,0.00403,0.0116
"Congo, Dem. Rep.",0.061,0.212,0.878,0.0355,0.39,0.0497,0.586,0.599,0.177,-0.0284,0.082,0.102,0.179,0.182,0.123,0.574,0.373,0.284,1.02,0.514,0.332,0.435,0.782,0.896,0.258,0.285,0.738,0.916,1.1,1.09,23.4,38.6,16.6,268,4.66,6.38,1.93,0.269,4.42,26.3,0.731,0.317,0.134,0.0637,0.299,0.133,0.203,0.205,0.327,0.208,0.138,0.0594,0.0277,0.00994,-0.0116,0.0435,0.431,0.301
"Congo, Rep.",0.0629,0.0425,0.0777,0.0386,0.0303,0.1,0.0552,-0.0104,0.03,0.0371,0.0831,0.0743,0.0784,0.0811,0.083,0.0868,0.145,-0.00828,0.171,0.201,0.278,0.0604,0.0634,0.121,0.025,-0.292,0.0763,-0.0623,0.127,-0.0103,-0.0148,-0.0157,-0.0113,0.368,0.034,0.18,0.0496,-0.182,0.294,0.47,-0.139,-0.0174,-0.0425,0.168,0.213,0.185,0.0112,0.25,-0.206,0.207,0.107,-0.0117,-0.0366,-0.0567,-0.297,0.0897,-0.0245,0.222
Costa Rica,0.00516,0.0317,-0.000658,0.0225,0.00634,0.0205,0.0228,0.0199,0.0457,0.0732,0.0244,0.0641,0.148,0.232,0.245,0.166,0.169,0.0791,0.0915,0.188,0.411,0.842,0.289,0.167,0.205,0.18,0.101,0.188,0.152,0.185,0.642,0.197,0.104,0.157,0.212,0.153,0.146,0.121,0.114,0.0941,0.0976,0.0986,0.107,0.134,0.131,0.13,0.105,0.114,0.0983,0.0657,0.0455,0.0436,0.0401,0.058,0.0378,0.02,0.0255,0.0239
Cote d'Ivoire,0.0299,0.03,0.0301,0.0291,0.0308,0.000416,0.0123,0.0579,0.0185,0.0299,-0.00941,0.0251,0.132,0.267,0.0431,0.182,0.288,0.0443,0.0654,0.241,0.0298,0.083,0.0905,0.179,0.00344,-0.0202,-0.0408,-0.00381,-0.0101,-0.0452,0.00663,-0.000238,0.0615,0.464,0.11,0.0498,0.062,0.0364,0.00786,0.0225,0.074,0.0667,0.048,-0.0289,0.013,0.0174,0.0293,0.085,0.0235,0.0539,0.0164,0.0315,0.0371,0.0391,0.0311,-0.0107,-0.0174,0.00431
Croatia,,,,,,,,,,,,,,,,,,,,,,,,,,,,,,,,,,,,0.0382,0.0684,0.0811,0.0354,0.0436,0.043,0.0386,0.043,0.0361,0.0313,0.0385,0.0414,0.0556,0.0297,0.00922,0.0165,0.0146,0.00764,0.00144,0.000819,-0.00103,0.0117,0.018
Cuba,,,,,,,,,,,0.119,0.0696,0.0325,0.119,0.0433,0.00523,-0.0419,0.0932,0.0293,0.054,-0.0254,-0.0223,0.016,0.0258,-0.0216,-0.0391,0.0061,0.0123,0.00625,0.0526,-0.0739,0.0375,0.19,0.263,0.105,-0.0267,-0.0135,0.013,0.0379,0.0174,0.00455,0.0453,0.0297,0.00606,0.0038,0.104,0.0359,-0.00345,0.00634,0.012,0.0432,0.0291,0.0266,0.0346,0.0344,0.0433,0.0412,0.01
Cyprus,,,,,,,,,,,,,,,,0.0803,0.089,0.111,0.131,0.142,0.124,0.104,0.0504,0.0818,0.0567,0.0415,0.0386,0.0319,0.0475,0.0543,0.0389,0.0604,0.048,0.0527,0.136,0.0264,0.0224,0.0197,0.023,0.0274,0.0366,0.00296,0.0539,0.0271,0.0202,0.0309,0.0414,0.0473,0.00263,0.0188,0.0162,0.0168,-0.00946,-0.0142,-0.00939,-0.00824,0.0175,0.0136
Czech Republic,,,,,,,,,,,,,,,,,,,,,,,,,,,,,,,0.362,0.124,0.21,0.123,0.0911,0.0997,0.0836,0.0994,0.03,0.0177,0.0489,0.0272,0.0116,0.0387,0.000737,0.00691,0.0352,0.0205,0.026,-0.0143,0.000209,0.0146,0.0143,0.0248,0.0117,0.0127,0.0144,0.0254
Denmark,,,,,,,0.0445,0.0563,0.0716,0.0903,0.0745,0.096,0.106,0.133,0.134,0.0938,0.0888,0.0895,0.0707,0.0881,0.107,0.101,0.0739,0.0596,0.0429,0.0232,0.0475,0.0394,0.0497,0.026,0.0266,0.0166,0.0058,0.0157,0.0128,0.0201,0.0201,0.0123,0.0168,0.0302,0.0252,0.0235,0.0148,0.021,0.0291,0.0208,0.0243,0.0413,0.00529,0.0322,0.00639,0.0238,0.00888,0.0103,0.00433,0.00255,0.0113,0.00846
Djibouti,,,,,,,,,,,,,,,,,,,,,,,,,,,,,,,,,,,,,,,,,,,,,,,,,,,,,,0.0133,0.0248,0.0015,0.00557,0.013
Dominica,,,,,,,,,,,,,,,,,,0.127,0.18,0.167,0.0176,0.0471,0.0746,0.0618,0.0793,0.0564,0.0569,0.045,0.0841,0.0321,0.0765,0.0439,0.0268,0.0764,0.00784,0.0326,0.0145,0.0254,0.0254,-0.0178,0.0208,0.00791,-0.0312,0.0379,-0.0145,0.0237,0.0153,0.0151,0.08,0.00297,0.0169,-0.0196,0.0357,-0.000486,0.0682,0.0391,-0.032,0.0363
Dominican Republic,-0.00418,0.0764,0.0719,0.0211,-0.0106,-0.0236,0.0179,0.0403,0.0283,0.0211,0.0118,0.0803,0.0451,0.177,0.169,0.0287,0.106,0.0105,0.111,0.139,0.0724,0.0751,0.066,0.242,0.384,0.0939,0.144,0.435,0.236,0.505,1.03,0.0557,0.0498,0.101,0.0965,0.0367,0.0945,0.065,0.0383,0.0721,0.0604,0.0692,0.335,0.452,0.0578,0.0664,0.0764,0.104,0.035,0.0544,0.0806,0.051,0.0469,0.0432,0.0247,0.0199,0.0418,0.0412
Ecuador,-0.113,-0.0999,0.177,0.145,0.0299,0.0212,0.00473,-0.00775,0.151,-0.139,-0.0948,0.101,0.072,0.525,0.0558,0.0949,0.194,0.0229,0.146,0.216,0.155,-0.0918,-0.136,-0.0392,-0.0244,-0.137,-0.087,-0.116,0.0537,0.0581,0.0689,0.043,0.0264,0.15,0.0522,0.0149,0.0701,-0.0378,-0.263,-0.0771,0.284,0.121,0.106,0.0426,0.0773,0.08,0.0665,0.138,0.00656,0.0747,0.0566,0.0499,0.031,0.0303,-0.0249,0.019,0.0195,0.0252
Egypt,0.0161,0.00396,0.00915,0.00862,0.0546,0.0275,0.0283,0.018,0.00806,0.125,0.0133,0.034,0.0735,0.0942,0.0966,0.115,0.123,0.0955,0.235,0.124,-0.022,0.247,0.127,0.0825,0.116,0.129,0.125,0.134,0.191,0.177,0.161,0.184,0.0843,0.0845,0.114,0.0711,0.0988,0.0238,0.00919,0.0394,0.0187,0.0317,0.0678,0.117,0.0621,0.0736,0.126,0.122,0.112,0.101,0.117,0.195,0.0871,0.112,0.0993,0.0625,0.229,0.214
El Salvador,,,,,,-0.0118,-0.00394,0.00195,0.00425,0.0484,0.00806,0.004,0.0884,0.0965,0.0989,0.176,0.183,0.0096,0.156,0.17,0.074,0.0555,0.0159,0.0305,0.0315,-0.00943,0.0237,0.0391,0.0336,0.0511,0.0742,0.0342,0.0859,0.0981,0.109,0.0658,0.0339,0.0423,0.00996,0.0327,0.0332,0.015,0.0297,0.0272,0.0427,0.0433,0.0438,0.0308,-0.00057,0.0265,0.0591,0.0255,0.00584,0.0101,0.0131,0.00534,0.00878,0.0194
Equatorial Guinea,,,,,,,,,,,,,,,,,,,,,0.144,0.404,0.247,0.256,0.528,-0.0292,0.0152,0.0398,-0.048,0.104,0.0355,-0.154,-0.0269,0.245,0.0768,0.00821,-0.131,-0.316,0.392,0.647,-0.12,-0.0158,0.00636,0.169,0.593,0.13,0.0304,0.198,-0.208,0.249,0.17,0.0485,-0.0107,-0.0127,-0.202,-0.0629,0.127,0.112
Eritrea,,,,,,,,,,,,,,,,,,,,,,,,,,,,,,,,,-0.0138,0.104,0.0981,0.0907,0.039,0.0911,0.0232,0.25,0.151,0.161,0.219,0.248,0.0762,0.114,0.0729,0.161,0.295,0.116,0.133,,,,,,,
Estonia,,,,,,,,,,,,,,,,,,,,,,,,,,,,,,,,,,0.397,0.315,0.225,0.0992,0.0689,0.0669,0.0371,0.0676,0.0481,0.039,0.0467,0.0591,0.0902,0.124,0.069,-0.00175,0.0183,0.0539,0.0402,0.0404,0.0295,0.0112,0.0171,0.0364,0.0453
Ethiopia,,,,,,,,,,,,,,,,,,,,,,0.0427,0.027,-0.0273,0.318,-0.0527,-0.0612,0.0311,0.0558,0.0327,0.191,0.155,0.134,0.0293,0.127,0.00239,0.00207,-0.0015,0.0222,0.0946,-0.0576,-0.0362,0.128,0.0391,0.0988,0.116,0.172,0.303,0.241,0.0144,0.201,0.335,0.049,0.11,0.108,0.104,0.0672,0.125
Fiji,0.00609,0.014,-0.00969,0.0314,0.0795,0.0248,-0.036,0.0329,0.0649,0.0683,0.0336,0.147,0.16,0.296,0.243,0.0791,-0.00032,0.0443,0.0814,0.173,0.00978,0.121,0.0683,0.0301,0.0822,0.0304,0.0734,0.0733,0.0285,0.0668,0.0599,0.0627,0.0724,0.00842,0.0116,0.029,0.0345,0.0749,0.0681,-0.0467,0.0336,0.0332,0.0787,0.0224,0.0682,0.0373,0.0296,0.0136,0.0139,0.0423,0.0939,0.0358,0.0362,0.125,0.0237,0.0257,0.0163,0.00893
Finland,0.0534,0.0397,0.0515,0.0718,0.0502,0.0472,0.0736,0.121,0.0415,0.0707,0.0736,0.0824,0.138,0.221,0.136,0.131,0.0942,0.0745,0.083,0.0964,0.117,0.0909,0.0823,0.0848,0.0525,0.0479,0.0432,0.0772,0.0656,0.0522,0.0154,0.00915,0.0179,0.0187,0.042,-0.000784,0.0208,0.031,0.00927,0.0164,0.033,0.00944,0.0019,0.00602,0.00929,0.00921,0.0275,0.0304,0.0177,0.00323,0.0262,0.0297,0.0256,0.0163,0.0166,0.00189,0.00743,0.0213
France,0.0327,0.049,0.0553,0.0399,0.03,0.0297,0.0304,0.044,0.074,0.0542,0.059,0.068,0.0786,0.118,0.138,0.107,0.0878,0.0928,0.103,0.117,0.117,0.121,0.0965,0.0707,0.0545,0.0506,0.0246,0.0319,0.0329,0.0266,0.0255,0.0197,0.0162,0.00925,0.0112,0.0136,0.00878,0.0095,0.00204,0.0155,0.0201,0.0207,0.0186,0.0162,0.0194,0.0216,0.0256,0.0237,0.000666,0.0107,0.00948,0.0116,0.00778,0.00577,0.0114,0.00523,0.00457,0.0079
Gabon,0.0328,0.0138,-0.203,0.335,-0.0306,0.0413,0.0622,0.0646,0.0496,-0.0042,0.065,-0.0728,0.348,0.654,0.0437,0.147,0.098,0.0286,0.19,0.368,0.104,0.169,0.0292,0.12,-0.0128,-0.208,0.00993,0.0262,0.0773,0.154,-0.114,0.00214,-0.00509,0.466,0.0134,0.136,0.00947,-0.178,0.192,0.281,-0.00169,0.00856,-0.00217,0.0777,0.201,0.0987,0.0423,0.205,-0.181,0.166,0.127,-0.0294,-0.0616,-0.00851,-0.0893,-0.0427,0.0381,0.0715
Gambia,,,,,,,0.0855,-0.0869,0.0713,0.0907,0.0516,0.0316,-0.0105,0.209,0.13,0.117,0.226,0.0646,0.106,-0.00178,0.0156,0.145,0.0268,0.09,0.394,0.405,0.185,0.0971,0.137,0.12,1.34,0.0195,0.0514,0.0378,0.0396,0.0837,-0.0597,0.0541,-0.0244,0.0222,0.0181,0.104,0.129,0.942,0.0411,0.013,0.0441,0.0248,0.0451,0.0564,0.0457,0.0385,0.0593,0.0521,0.0972,0.0782,0.0392,0.052
Georgia,,,,,,0.00146,0.0084,-0.000114,0.0356,-0.00257,0.0272,-0.0114,0.000701,0.018,0.00887,0.00295,0.0144,0.00325,0.0274,0.00986,0.034,0.0362,-0.0265,0.00601,-0.0471,0.0657,0.0234,-0.0259,0.0628,0.222,0.622,13.1,154,60.4,1.63,0.43,0.0654,0.0694,0.0973,0.0468,0.0538,0.0592,0.0342,0.0843,0.0794,0.0845,0.0946,0.096,-0.0214,0.142,0.0871,0.00435,0.0137,0.0426,0.0586,0.0263,0.0854,0.044
Germany,,,,,,,,,,,0.0762,0.0453,0.063,0.0728,0.0567,0.0331,0.031,0.0355,0.0428,0.0545,0.0418,0.0458,0.0281,0.0199,0.0212,0.03,0.0128,0.0169,0.0288,0.034,0.0309,0.053,0.0389,0.0205,0.0199,0.00587,0.00281,0.00683,0.00339,-0.00473,0.0129,0.0138,0.0133,0.011,0.00415,0.00399,0.0176,0.00907,0.0185,0.00646,0.0107,0.015,0.0197,0.0186,0.0174,0.0118,0.0105,0.0151
Ghana,0.0347,0.0194,0.0675,0.0993,0.17,0.0815,-0.0388,0.126,0.11,0.0289,0.0518,0.155,0.209,0.246,0.295,0.28,0.673,0.733,0.379,0.511,0.756,0.279,1.23,0.353,0.206,0.417,0.392,0.334,0.283,0.312,0.2,0.112,0.318,0.301,0.43,0.398,0.195,0.17,0.14,0.272,0.348,0.228,0.287,0.144,0.15,0.808,0.186,0.194,0.157,0.166,0.139,0.152,0.53,0.222,0.136,0.152,0.104,0.102
Greece,0.011,0.0469,0.0111,0.0341,0.0408,0.0492,0.0217,0.0148,0.0318,0.038,0.0298,0.0505,0.209,0.228,0.131,0.164,0.138,0.138,0.202,0.192,0.216,0.272,0.206,0.219,0.19,0.189,0.153,0.167,0.145,0.207,0.198,0.148,0.144,0.112,0.0979,0.0764,0.0655,0.051,0.0362,0.0159,0.0347,0.0335,0.0345,0.0306,0.0224,0.035,0.0342,0.0434,0.0257,0.00673,0.00798,-0.0037,-0.0235,-0.0183,-0.00346,-0.00244,0.00599,0.0055
Grenada,,,,,,,,,,,,,,,,,,0.173,0.0962,0.0905,0.0271,0.0416,0.0139,0.0661,0.0875,0.0434,0.0506,0.0676,0.09,0.000159,0.0667,0.0401,0.0188,0.0319,0.0305,0.0267,0.0178,0.0174,0.0112,0.0286,0.0214,0.00372,-0.000771,0.0203,0.0247,0.0466,0.0232,0.0785,-0.000099,0.0048,0.00225,0.0393,0.0292,0.00773,0.0276,0.0265,0.0162,0.0102
Guatemala,-0.0108,0.0259,0.00805,-0.0168,-0.018,-0.01,0.00388,0.0187,0.017,0.05,-0.0127,-0.0136,0.145,0.157,0.131,0.115,0.165,0.055,0.0859,0.1,0.0855,0.0498,0.0656,0.0412,0.188,0.415,0.08,0.117,0.109,0.405,0.33,0.0886,0.145,0.117,0.0867,0.089,0.0826,0.095,0.0504,0.0683,-0.0408,0.0645,0.0446,0.0608,0.0563,0.0499,0.0714,0.0944,0.0354,0.0514,0.0693,0.0332,0.0337,0.0302,0.0323,0.037,0.0362,0.0294
Guinea,,,,,,,,,,,,,,,,,,,,,,,,,,,0.273,0.217,0.223,0.173,0.258,0.262,0.00674,0.0143,0.0595,0.0155,0.0143,0.0332,0.0423,0.063,0.0175,0.00433,0.159,0.165,0.274,1.01,0.136,0.167,0.0177,0.161,0.09,0.115,0.0433,0.0262,0.0297,0.0567,0.104,-0.0134
Guinea-Bissau,,,,,,,,,,,0.0181,0.0497,0.104,0.0892,0.072,0.0151,0.0307,0.0634,0.0428,0.115,0.0182,0.165,0.233,0.594,0.323,1.13,0.943,0.795,0.993,0.302,0.679,0.65,0.491,0.232,0.447,0.392,0.341,0.0807,0.123,0.809,0.0677,0.018,-0.0501,-0.0139,0.058,-0.0227,0.0438,0.125,-0.0246,0.0297,0.14,-0.00851,-0.00932,-0.00148,0.121,0.061,0.0594,-0.00425
Guyana,0.0429,0.0375,0.0277,-0.00485,-0.0179,0.0192,0.0486,0.0695,0.0142,0.0304,0.0214,0.0989,0.0627,0.375,0.147,-0.0578,0.0168,0.148,0.0656,0.118,0.0434,0.043,0.0892,0.193,0.145,0.123,0.587,0.236,1.63,0.564,1.35,0.113,0.17,0.166,0.124,0.0393,0.0144,0.0297,0.112,0.0659,0.00322,0.0262,0.0472,0.0678,0.0763,0.684,0.127,0.0871,0.04,0.0573,0.0792,0.0569,-0.000772,-0.00345,0.00831,0.0603,-0.00626,0.0542
Haiti,0.0222,-0.0361,0.0663,0.122,0.063,0.0505,0.0221,-0.0339,0.0257,-0.16,0.0287,0.0154,0.198,0.145,0.192,0.19,0.0388,-0.0314,0.0313,0.193,0.1,0.0333,0.0914,0.115,0.0997,0.159,-0.11,0.274,0.0782,0.12,0.146,0.209,0.183,0.567,0.16,0.0998,0.127,0.142,0.0703,0.111,0.116,0.0999,0.269,0.215,0.176,0.147,0.0804,0.129,0.037,0.0287,0.0751,0.0528,0.0699,0.0412,0.0688,0.12,0.134,0.128
Honduras,0.0419,0.0292,0.0213,0.0568,0.0208,0.0261,0.0262,0.0145,0.0261,0.0445,-0.0278,0.0386,0.0535,0.148,0.0638,0.0853,0.122,0.751,0.0835,0.113,0.0317,0.0774,0.0398,0.0326,0.0166,0.0213,0.0224,0.0918,0.115,0.25,0.263,0.0367,0.109,0.213,0.237,0.182,0.168,0.103,0.0758,0.0799,0.0808,0.0513,0.0576,0.0645,0.0728,0.0535,0.0663,0.0779,0.0765,0.0468,0.0781,0.0358,0.0137,0.0685,0.0693,0.0368,0.0451,0.0191
Hungary,,,,,,,,,,,,,,,,,,,,,,,,,,,,,,,,0.215,0.213,0.195,0.267,0.219,0.203,0.138,0.0812,0.0958,0.11,0.0809,0.0544,0.0509,0.0263,0.0366,0.0544,0.0479,0.0419,0.0238,0.0218,0.032,0.0298,0.0359,0.0246,0.00973,0.037,0.0453
Iceland,0.133,0.111,0.0823,0.162,0.123,0.104,0.0276,0.137,0.209,0.128,0.126,0.183,0.315,0.377,0.419,0.327,0.327,0.462,0.409,0.525,0.492,0.536,0.773,0.269,0.321,0.246,0.199,0.231,0.229,0.152,0.0837,0.0345,0.0183,0.026,0.03,0.0249,0.0491,0.047,0.0349,0.0398,0.087,0.0585,0.0049,0.0265,0.0255,0.0842,0.0429,0.12,0.109,0.0643,0.0314,0.0344,0.0214,0.0369,0.0562,0.0189,-0.000576,0.0239
India,0.0215,0.0441,0.0835,0.0855,0.083,0.133,0.0862,0.0242,0.0334,0.0156,0.0532,0.108,0.178,0.167,-0.0165,0.0598,0.0564,0.0246,0.157,0.115,0.108,0.081,0.0855,0.0792,0.0719,0.0679,0.0933,0.0823,0.0844,0.107,0.138,0.0897,0.0986,0.0998,0.0906,0.0758,0.0648,0.0801,0.0307,0.0364,0.0322,0.0372,0.0387,0.0573,0.0562,0.084,0.0694,0.0919,0.0704,0.105,0.0873,0.0793,0.0619,0.0333,0.0228,0.0312,0.0384,0.0411
Indonesia,0.139,1.79,1.46,1.15,2.29,-0.987,1.65,1.23,0.214,0.143,0.0272,0.161,0.369,0.473,0.125,0.145,0.13,0.121,0.312,0.291,0.102,0.0795,0.186,0.104,0.0619,0.0225,0.16,0.0763,0.0949,0.0909,0.0877,0.0729,0.192,0.0778,0.0988,0.0868,0.126,0.753,0.142,0.204,0.143,0.059,0.0549,0.0855,0.143,0.141,0.113,0.181,0.0827,0.153,0.0747,0.0375,0.0497,0.0544,0.0398,0.0244,0.0427,0.0383
Iran,-0.0543,-0.0236,-0.0211,-0.000356,-0.0173,-0.0151,-0.00322,-0.00588,-0.0288,0.0138,0.0934,0.0918,0.322,0.573,0.157,0.16,0.235,0.124,0.295,0.463,0.256,0.0396,0.181,0.199,0.0376,0.128,0.205,0.192,0.173,0.225,0.26,0.299,0.462,0.337,0.381,0.303,0.165,0.0928,0.332,0.249,0.166,0.293,0.13,0.247,0.202,0.146,0.229,0.194,0.046,0.159,0.237,0.24,0.356,0.108,0.00429,0.0161,0.122,
Iraq,,,,,,,,,0.00575,0.0435,0.107,-0.0338,0.0875,0.883,0.0388,0.126,0.0965,0.0233,0.317,0.132,-0.275,0.0833,0.142,0.17,0.0169,-0.0673,0.0989,0.104,0.084,0.736,1.11,1.05,1.14,3.96,2.95,-0.125,0.915,-0.159,0.711,0.437,-0.196,0.0665,0.078,0.167,0.323,0.18,0.15,0.302,-0.195,0.166,0.247,0.0267,0.000149,-0.00691,-0.261,-0.134,0.146,0.154
Ireland,,,,,,,,,,,0.105,0.134,0.153,0.0609,0.201,0.21,0.133,0.105,0.137,0.147,0.174,0.152,0.107,0.0638,0.0519,0.0655,0.022,0.0325,0.0552,-0.00729,0.018,0.0281,0.0518,0.0169,0.0303,0.0226,0.0388,0.0653,0.0436,0.069,0.0689,0.0525,0.0392,0.00517,0.0312,0.0345,0.0121,-0.00317,-0.0456,-0.0315,0.015,0.0228,0.0123,-0.00111,0.0779,-0.003,0.0113,0.00819
Israel,0.0861,0.089,0.077,0.0543,-0.0139,0.0873,-0.0169,-0.014,0.016,0.284,0.144,0.166,0.222,0.355,0.366,0.314,0.416,0.561,0.769,1.25,1.25,1.27,1.5,3.85,2.65,0.502,0.202,0.192,0.187,0.159,0.201,0.121,0.111,0.125,0.0907,0.106,0.0843,0.0716,0.0672,0.0358,0.0179,0.0437,-0.00209,0.00795,0.0137,0.0165,0.0127,0.024,0.0425,0.0155,0.0205,0.0366,0.0231,0.0102,0.0286,0.0109,0.00259,0.0115
Italy,0.0278,0.0579,0.0846,0.0649,0.042,0.0223,0.0278,0.0173,0.0405,0.11,0.0718,0.0563,0.127,0.202,0.17,0.175,0.185,0.139,0.155,0.208,0.188,0.175,0.151,0.108,0.0917,0.0749,0.0601,0.0665,0.062,0.0891,0.0758,0.0437,0.0389,0.0354,0.0493,0.0451,0.0257,0.024,0.0154,0.0179,0.0303,0.0327,0.0315,0.0267,0.0201,0.0212,0.0248,0.024,0.0168,0.00436,0.0161,0.0155,0.0115,0.00913,0.00932,0.0114,0.00691,0.00878
Jamaica,,,,,,,0.0424,0.0273,0.0411,0.0523,0.0692,-0.0491,0.264,0.311,0.207,0.111,0.125,0.266,0.157,0.183,0.0832,0.0831,0.17,0.359,0.285,0.269,0.108,0.121,0.124,0.251,0.438,0.6,0.528,0.311,0.252,0.189,0.0961,0.106,0.0692,0.106,0.0781,0.0908,0.116,0.129,0.115,0.0885,0.113,0.135,0.116,0.0982,0.058,0.0657,0.0842,0.0693,0.0666,0.0466,0.0653,0.0485
Japan,0.0779,0.042,0.0551,0.0533,0.0514,0.0497,0.055,0.0492,0.0443,0.23,0.0509,0.056,0.127,0.208,0.0718,0.0801,0.0675,0.046,0.0275,0.0544,0.0293,0.0174,0.00946,0.0147,0.0126,0.0161,-0.00158,0.00625,0.0211,0.0261,0.0293,0.0167,0.00568,0.00266,-0.00533,-0.00496,0.00504,-0.000451,-0.0131,-0.0138,-0.011,-0.0146,-0.0162,-0.011,-0.0104,-0.00883,-0.00729,-0.00981,-0.00611,-0.019,-0.0167,-0.00762,-0.00333,0.0175,0.0215,0.00268,-0.0022,-0.000857
Jordan,,,,,,,,,,,,,,,,0.0469,0.143,-0.0479,0.132,-0.00384,0.188,0.0606,0.0617,-0.0161,-0.0026,0.0625,-0.00806,0.0468,0.193,0.127,0.0522,0.044,0.0275,0.0687,0.0186,0.0204,0.0125,0.0602,-0.00398,-0.00412,0.00777,0.00924,0.0215,0.0309,0.0201,0.107,0.0505,0.199,0.0283,0.0843,0.0639,0.045,0.056,0.0344,0.0227,0.0101,0.0171,0.0177
Kazakhstan,,,,,,,,,,,,,,,,,,,,,,,,,,,,,,,0.964,14.7,12.4,15.5,1.61,0.389,0.161,0.0566,0.133,0.174,0.102,0.058,0.117,0.161,0.179,0.216,0.155,0.209,0.0469,0.195,0.205,0.0479,0.095,0.0577,0.0182,0.136,0.112,0.0921
Kenya,0.0866,0.000183,-0.0188,0.0269,-0.0205,0.0171,0.024,0.0168,-0.0018,0.153,-0.0922,0.0121,0.102,0.16,0.118,0.189,0.169,0.0308,0.0564,0.0955,0.109,0.116,0.118,0.102,0.0831,0.0871,0.054,0.0646,0.0977,0.106,0.125,0.189,0.257,0.17,0.112,0.42,0.114,0.0693,0.0419,0.0608,0.0157,0.00933,0.062,0.0713,0.049,0.235,0.0813,0.152,0.116,0.0209,0.108,0.0938,0.0517,0.0807,0.1,0.0555,0.106,0.0284
Kiribati,,,,,,,,,,,0.0711,0.0523,0.163,0.13,0.0946,0.0917,0.089,0.119,0.0917,0.068,0.095,0.04,0.0585,0.0674,0.0515,0.0522,0.101,0.0495,-0.0217,-0.0106,0.196,0.0563,0.0524,0.0685,0.0133,0.0998,0.053,0.0725,0.0449,0.0203,0.0674,0.0495,0.0264,0.0171,0.00512,-0.00256,0.0615,0.0832,0.0017,0.0118,0.0188,-0.00395,0.00136,0.0471,0.0348,0.00179,0.00606,0.0203
Kuwait,,,,,,,,,,,,,,,,,,,,,,,,,,,,,,,,,-0.0739,-0.0587,0.0485,0.155,-0.0472,-0.172,0.181,0.205,-0.0772,0.0515,0.0492,0.114,0.218,0.162,0.0431,0.187,-0.172,0.111,0.172,0.0749,0.00224,-0.0676,-0.26,-0.0684,0.162,0.146
Kyrgyz Republic,,,,,,,,,,,,,,,,,,,,,,,,,,,,-0.0188,0.0699,0.0798,1.35,8.31,7.54,1.81,0.42,0.353,0.193,0.0908,0.376,0.272,0.0733,0.0203,0.0397,0.0511,0.0713,0.0939,0.149,0.222,0.0404,0.1,0.225,0.0878,0.0319,0.0844,0.034,0.0609,0.0637,0.0147
Lao,,,,,,,,,,,,,,,,,,,,,,,,,0.648,0.511,0.144,0.258,0.553,0.379,0.13,0.0599,0.112,0.077,0.197,0.137,0.194,0.845,1.28,0.248,0.0887,0.0632,0.135,0.107,0.0864,0.108,0.0744,0.0886,-0.0293,0.092,0.105,0.0753,0.0647,0.0573,0.0235,0.0302,0.0185,0.0192
Latvia,,,,,,,,,,,,,,,,,,,,,,,,,,,,,,,,,,,0.143,0.124,0.0588,0.0481,0.015,0.0359,0.0229,0.051,0.0494,0.0678,0.112,0.124,0.201,0.117,-0.0973,-0.00404,0.064,0.0362,0.0164,0.0178,0.0000222,0.00858,0.0298,0.0398
Lebanon,,,,,,,,,,,,,,,,,,,,,,,,,,,,,0.73,0.155,0.477,0.974,0.247,0.0787,0.107,0.0174,0.115,0.0402,0.00813,-0.0209,-0.0153,0.0492,0.0158,-0.00943,-0.0109,0.00883,0.0317,0.0756,0.103,0.00237,0.0336,0.0745,0.0325,0.0114,0.0305,0.00911,0.0363,0.0587
Lesotho,0.0135,0.0167,0.0159,0.02,0.0343,0.0374,-0.0576,0.0407,0.0572,0.0198,0.0599,0.139,0.0697,0.0982,0.248,0.0454,0.0748,0.165,0.0243,0.415,0.126,-0.0485,0.116,0.081,0.187,0.163,0.117,0.201,0.148,0.12,0.178,0.139,0.113,0.0777,0.128,0.06,0.0902,0.0992,0.0813,0.063,0.115,0.142,0.0244,0.096,0.0592,0.0931,-0.0537,0.126,0.0125,0.0961,0.0845,0.0243,0.0885,0.129,0.0988,0.0299,0.0333,0.0439
Liberia,,,,,,,,,,,,,,,,,,,,,,,,,,,,,,,,,,,,,,,,,0.0072,-0.0139,0.155,0.169,0.0049,0.0913,0.12,0.173,-0.0272,0.0651,0.109,0.0507,0.0369,0.018,0.0105,0.0485,-0.0218,-0.0185
Libya,,,,,,,,,,,,,,,,,,,,,,,,,,,,,,,,,,,,,,,,0.133,0.0718,0.272,0.144,0.226,0.286,0.0946,0.11,0.218,-0.253,0.142,0.183,0.0898,-0.0667,-0.173,-0.194,-0.0256,0.144,0.158
Liechtenstein,,,,,,,,,,,0.0824,0.0824,0.0824,0.0824,0.0824,0.0223,0.0223,0.0223,0.0223,0.0223,0.0701,0.0718,0.0322,0.0295,0.0286,0.037,0.0252,0.0251,0.0314,0.054,0.0587,0.0402,0.033,0.00852,0.018,0.00815,0.00515,0.000146,0.00819,0.0155,0.00986,0.00651,0.00633,0.0081,0.0119,0.0131,0.0658,-0.0212,-0.099,,,,,,,,,
Lithuania,,,,,,,,,,,,,,,,,,,,,,,,,,,,,,,,,,,,0.19,0.115,0.0335,-0.0126,0.0128,-0.00322,0.00317,-0.00808,0.0269,0.069,0.0674,0.0857,0.097,-0.033,0.0227,0.0538,0.0278,0.0135,0.00918,0.000913,0.0161,0.0425,0.0332
Luxembourg,-0.0366,0.0389,0.0315,0.0583,0.028,0.0393,0.00431,0.0502,0.0529,0.169,-0.00814,0.0579,0.122,0.17,-0.00855,0.122,0.0117,0.0513,0.0635,0.0792,0.0718,0.108,0.0682,0.0441,0.0309,-0.000838,0.00063,0.0278,0.0402,0.0251,0.0182,0.0373,0.0597,0.0354,0.0233,0.0449,-0.0096,-0.02,0.058,0.0216,0.00457,0.0168,0.0268,0.0295,0.042,0.0704,0.0149,0.0388,0.014,0.0362,0.0477,0.0256,0.017,0.0274,0.00184,0.00771,0.0172,0.0251
Madagascar,0.0179,0.0339,0.0368,0.0165,0.0435,0.0582,0.00674,0.00971,0.0386,0.069,0.0359,0.0302,0.119,0.228,0.0469,0.0993,0.0859,0.0679,0.113,0.15,0.267,0.286,0.215,0.103,0.104,0.142,0.23,0.212,0.12,0.115,0.129,0.144,0.121,0.417,0.451,0.178,0.0729,0.0844,0.0971,0.0723,0.0727,0.153,0.0276,0.143,0.183,0.115,0.272,0.0749,0.0693,0.102,0.104,0.0547,0.0545,0.0673,0.065,0.0896,0.0496,0.0758
Malawi,-0.00473,0.042,0.0567,-0.00591,0.0371,0.00207,-0.0208,0.066,0.024,0.0878,0.079,0.00924,0.0931,0.183,0.0819,0.1,0.134,0.0022,0.0342,0.158,0.164,0.0966,0.112,0.128,0.0893,0.135,0.167,0.311,0.225,0.107,0.107,0.133,0.282,0.262,0.772,0.523,0.208,0.195,0.397,0.305,0.256,1.13,0.103,0.148,0.107,0.2,0.041,0.12,0.079,0.121,0.141,0.177,0.273,0.209,0.205,0.195,0.135,0.086
Malaysia,-0.0776,-0.0111,0.168,0.0113,0.0265,-0.0138,-0.0232,-0.0328,0.0491,-0.00509,-0.00469,0.00344,0.179,0.127,-0.0308,0.127,0.0687,0.0984,0.121,0.0688,0.0106,0.0256,0.0591,0.0479,-0.0161,-0.0872,0.0767,0.0362,0.0446,0.0381,0.0358,0.0241,0.0399,0.0394,0.0363,0.0368,0.0348,0.085,0.000454,0.0886,-0.0158,0.0313,0.033,0.0601,0.0886,0.0398,0.0488,0.104,-0.0599,0.0727,0.0541,0.01,0.00174,0.0247,0.0122,0.0166,0.038,0.00712
Maldives,,,,,,,,,,,,,,,,,,,,,,,,,,,,,,,,,,,,0.0466,0.041,-0.0114,0.0275,0.0203,0.509,0.00498,0.0311,0.0997,0.0916,0.0737,0.101,0.111,0.113,0.0288,0.126,0.0678,0.0643,0.0464,0.0793,0.00225,0.0138,0.0527
Mali,,,,,,,,0.211,0.0359,0.0603,0.067,0.0647,0.0396,0.0482,0.23,0.109,0.0806,0.0856,0.114,0.145,0.108,0.132,0.108,0.0925,-0.0348,-0.00138,-0.0191,-0.0425,0.0342,0.076,-0.0582,0.00739,0.0324,0.396,0.158,-0.0165,0.0558,0.0174,0.163,-0.0062,0.0468,0.0351,-0.0759,0.036,0.075,0.0465,0.0456,0.0675,0.0518,0.0437,0.122,0.046,0.00701,0.0125,0.0309,0.0136,0.0195,0.0184
Malta,,,,,,,,,,,0.00633,-0.0122,0.0869,0.0336,0.0536,0.0503,0.0492,0.0415,0.0621,0.124,0.0778,0.0344,-0.00305,-0.00177,0.00637,0.0352,0.0305,0.0186,0.0215,0.0315,0.0335,0.0355,0.0285,0.0356,0.00782,0.021,0.0559,0.0138,0.0315,0.0733,0.027,0.013,-0.013,0.0106,0.018,0.0286,0.028,0.03,0.0269,0.0383,0.0219,0.0207,0.0196,0.0238,0.0243,0.0138,0.0236,0.0212
Marshall Islands,,,,,,,,,,,,,,,,,,,,,,0.0738,0.0351,0.0411,0.0369,0.0245,0.0286,0.0412,0.0476,0.0499,0.0504,0.0301,0.0303,0.0262,0.0281,0.028,0.0674,0.0226,0.0312,-0.00455,-0.00322,0.0339,0.0138,0.00875,0.037,0.0182,0.0293,0.0672,-0.023,-0.00658,0.0832,0.0745,-0.0104,-0.00674,-0.0161,0.0724,0.0201,0.00309
Mauritania,0.00687,0.0243,0.0446,0.0453,-0.0207,0.0414,0.0238,-0.000116,-0.0154,0.00128,0.0627,0.0712,0.165,0.127,0.15,0.0603,0.0639,0.0249,0.122,0.0655,0.0727,0.101,0.0726,0.109,0.102,0.0726,0.105,0.0538,0.0798,0.0264,0.414,0.0574,0.119,0.111,0.0284,0.0186,0.121,0.185,0.0549,0.054,0.0504,0.0795,0.0779,0.118,0.0956,0.185,0.0337,0.0944,0.0112,0.189,0.159,0.00988,0.0301,-0.0916,-0.0423,0.0337,0.0345,0.0275
Mauritius,,,,,,,,,,,,,,,,,0.0858,0.108,0.179,0.266,0.109,0.0887,0.0844,0.0746,0.082,0.0802,0.129,0.109,0.11,0.106,0.0856,0.0536,0.0922,0.0656,0.054,0.07,0.0512,0.0696,0.0657,0.0341,0.0623,0.0622,0.0562,0.0685,0.0395,0.11,0.0831,0.0569,-0.00654,0.0113,0.0316,0.0247,0.0275,0.0148,0.00961,0.0215,0.013,0.0171
Mexico,0.0342,0.0256,0.0321,0.058,0.0155,0.0496,0.0317,0.0102,0.0697,0.0268,0.0636,0.0654,0.134,0.231,0.156,0.194,0.304,0.16,0.197,0.408,0.263,0.618,0.866,0.594,0.587,0.694,1.43,1,0.268,0.282,0.234,0.148,0.362,0.0881,0.385,0.265,0.187,0.154,0.161,0.112,0.0604,0.055,0.0404,0.0796,0.0587,0.0639,0.0579,0.0617,0.0395,0.0455,0.0584,0.0407,0.0153,0.0442,0.0279,0.0538,0.0666,0.0497
"Micronesia, Fed. Sts.",,,,,,,,,,,,,,,,,,,,,,,,,,,0.0277,0.042,0.0473,0.0495,0.051,0.0303,0.0301,0.0262,0.0225,0.0187,0.00651,0.0299,-0.00785,0.0108,0.0111,0.000942,-0.00364,0.00993,0.021,0.0138,0.0317,0.0501,0.0536,0.036,0.016,0.0712,0.00637,0.0302,-0.0525,0.0405,0.0747,0.0939
Moldova,,,,,,,,,,,,,,,,,,,,,,,,,,,,,,,,,,,,0.279,0.125,0.0946,0.398,0.273,0.121,0.0983,0.149,0.0799,0.0934,0.134,0.159,0.0924,0.0217,0.333,0.0819,0.0742,0.0392,0.0635,0.0956,0.0567,0.0625,0.0395
Monaco,,,,,,,,,,,0.0598,0.0687,0.0777,0.114,0.136,0.108,0.0881,0.0916,0.101,0.113,0.114,0.12,0.0952,0.0728,0.0553,0.0528,0.0278,0.0307,0.0331,0.0264,0.0254,0.0214,0.0155,0.0135,0.0131,0.016,0.0101,0.00901,0.000462,0.014,0.0165,0.0238,0.0188,0.0159,0.00196,0.0216,0.0256,0.0245,0.000568,0.0106,0.00969,0.0117,0.00757,0.00565,0.011,0.00113,0.00781,0.00774
Mongolia,,,,,,,,,,,,,,,,,,,,,,0.0198,0.00904,-0.0309,-0.0145,-0.0917,0.0081,0.00931,0.0715,0.232,0.933,1.74,3.19,0.643,0.603,0.108,0.217,-0.0193,0.109,0.12,0.104,0.0637,0.102,0.167,0.201,0.22,0.116,0.214,0.0183,0.392,0.151,0.128,0.0291,0.0745,0.0173,0.0223,0.105,0.0809
Montenegro,,,,,,,,,,,,,,,,,,,,,,,,,,,,,,,,,,,,,,,,,0.202,0.0308,0.0832,0.0589,0.0433,0.101,0.16,0.0763,0.0241,0.016,0.012,0.00177,0.0207,0.0104,0.0222,0.051,0.0382,0.0323
Morocco,,,,,,,-0.0375,-0.0228,0.0301,0.0347,0.0407,0.0358,0.0604,0.239,0.00931,0.0498,0.108,0.0842,0.0734,0.33,0.0947,0.063,0.0697,0.062,0.0895,0.0749,0.0301,0.0367,0.0292,0.0769,0.054,0.0459,0.0303,0.00655,0.0754,0.00435,0.00713,0.00391,0.0057,-0.00742,0.00652,0.0121,0.0106,0.0122,0.0119,0.0155,0.036,0.0453,0.00147,0.00976,-0.00691,0.00369,0.0131,0.00378,0.0213,0.0148,0.00683,0.0107
Mozambique,,,,,,,,,,,,,,,,,,,,,,,,,,,,,,,,0.361,0.441,0.492,0.518,0.584,0.0978,0.0555,0.0104,0.111,0.16,0.108,0.0447,0.0675,0.0742,0.0792,0.0758,0.0574,0.00799,0.0798,0.0337,0.0347,0.0298,0.0121,0.0759,0.137,0.0764,0.0212
Myanmar,0.0145,0.00601,0.00944,-0.0372,0.0169,0.0356,0.16,0.0169,0.0276,-0.0143,-0.0231,0.00755,0.1,0.565,0.165,0.101,0.0192,0.00797,0.0562,0.0124,0.0443,0.0337,0.0196,0.0252,0.0157,0.0655,0.212,0.252,0.577,0.185,0.237,0.217,0.362,0.221,0.196,0.23,0.338,0.358,0.226,0.0246,0.248,0.415,0.205,0.036,0.192,0.213,0.236,0.136,0.0488,0.0704,0.103,0.0313,0.0438,0.0417,0.0414,0.0362,0.0622,0.0828
Namibia,,,,,,,,,,,,,,,,,,,,,0.0352,0.17,0.133,0.127,0.24,0.101,0.094,0.202,0.151,0.0638,0.06,0.103,0.094,0.207,0.0658,0.15,0.0694,0.0833,0.067,0.102,0.112,0.101,0.0114,0.0243,0.0551,0.0941,0.102,0.109,0.0696,0.0356,0.0381,0.129,0.088,0.0626,0.0195,0.0938,0.0975,0.0697
Nauru,,,,,,,,,,,,,,,,,,,,,,,,,,,,,,,,,,,,,,,,,,,,,,,,0.254,0.262,-0.182,0.181,0.241,-0.217,-0.118,-0.0831,0.057,0.0341,0.0155
Nepal,0.0269,0.059,0.0357,0.0119,0.129,0.152,-0.0567,0.111,0.0656,0.0705,0.0317,0.125,-0.034,0.208,0.275,0.00544,-0.0356,0.0937,0.0998,0.0761,0.0794,0.0935,0.123,0.0638,0.114,0.144,0.127,0.118,0.113,0.107,0.125,0.185,0.108,0.0482,0.063,0.0782,0.0728,0.0411,0.0889,0.0447,0.11,0.0393,0.0307,0.0417,0.0612,0.0736,0.076,0.0562,0.159,0.151,0.108,0.0663,0.0658,0.0935,0.0494,0.0516,0.0968,0.0626
Netherlands,0.0526,0.00759,0.047,0.0868,0.0337,0.0598,0.0421,0.042,0.15,0.0564,0.0879,0.0816,0.0848,0.129,0.081,0.0899,0.0534,0.0533,0.0477,0.0623,0.0639,0.0462,0.0139,0.0231,0.00866,0.00212,-0.0105,0.0082,0.0135,0.0156,0.0312,0.025,0.016,0.0206,0.0206,0.0104,0.0264,0.0208,0.0128,0.0342,0.0418,0.0377,0.0217,0.012,0.0199,0.0256,0.0207,0.0231,0.00221,0.0094,0.00194,0.0145,0.0128,0.00253,0.00773,0.00455,0.0126,0.0221
New Zealand,,,,,,,,,,,0.139,0.0924,0.0843,0.0367,0.146,0.215,0.166,0.13,0.142,0.149,0.163,0.121,0.0773,0.078,0.136,0.174,0.115,0.0791,0.0564,0.0242,0.0089,0.02,0.0148,0.0191,0.0143,0.0138,0.016,0.0112,0.0051,0.0285,0.038,0.0033,0.0223,0.0281,0.0203,0.0271,0.0539,0.0252,0.0266,0.0314,0.0243,-0.00236,0.0429,0.00333,0.0133,0.0246,0.0245,0.0107
Nicaragua,-0.000474,-0.00535,-0.00408,0.0452,0.0084,0.0366,0.0127,0.0449,0.0117,0.0244,0.0303,0.0425,0.167,0.218,0.0473,0.104,0.119,0.0377,0.317,0.37,0.117,0.167,0.11,0.39,1.67,2.81,5.23,136,47.1,50.2,45.2,0.237,0.204,1.34,0.134,0.0961,0.0978,0.14,0.0923,0.0857,0.0724,0.0325,0.0533,0.0905,0.0987,0.0787,0.0967,0.162,0.0604,0.0614,0.102,0.0624,0.0435,0.0839,0.0759,0.0459,0.0412,0.0359
Niger,0.0339,-0.00843,0.00761,-0.00719,0.0808,0.0496,-0.0522,-0.0342,0.0844,0.0714,0.006,0.0336,0.358,0.0765,-0.0639,0.124,0.157,0.112,0.0459,0.208,0.106,0.106,0.088,0.117,-0.059,-0.0421,0.017,-0.0532,0.0142,-0.016,-0.0514,0.011,-0.00142,0.327,0.0542,0.0473,0.031,0.03,0.02,0.0452,0.0398,0.03,-0.00344,0.0149,0.0657,0.00345,0.0457,0.0688,0.0608,0.0302,0.0439,0.0478,0.0154,-0.00113,0.00554,-0.00331,0.00932,0.0259
Nigeria,0.0626,0.0557,-0.0309,0.0243,0.00864,0.132,-0.0301,0.0122,0.0271,0.513,0.0135,0.0289,0.0535,0.439,0.235,0.144,0.107,0.139,0.115,0.124,2.19,0.148,0.196,0.0565,0.0693,0.0542,0.197,0.202,0.29,0.0667,0.189,0.468,0.416,0.433,0.754,0.265,0.0506,0.0601,0.134,0.227,0.101,0.211,0.098,0.224,0.199,0.239,0.071,0.0792,0.00686,0.163,0.0978,0.0995,0.0496,0.0466,0.0286,0.0954,0.111,0.102
North Macedonia,,,,,,,,,,,,,,,,,,,,,,,,,,,,,,,0.939,12.7,4.42,1.52,0.171,0.0286,0.0393,0.0139,0.0274,0.0818,0.0472,0.00944,0.0165,-0.00166,0.049,0.0325,0.0459,0.0549,0.00295,0.0204,0.0372,0.01,0.0448,0.0145,0.02,0.0347,0.0342,0.0431
Norway,0.0265,0.0477,0.0339,0.0472,0.0477,0.0398,0.0296,0.0442,0.042,0.136,0.0638,0.0552,0.0868,0.114,0.0889,0.0784,0.0817,0.0626,0.057,0.131,0.129,0.105,0.0696,0.0621,0.052,-0.00551,0.0722,0.0487,0.0561,0.0381,0.0221,-0.0064,0.0229,-0.00156,0.0306,0.0426,0.0279,-0.00693,0.0667,0.154,0.0167,-0.0163,0.0287,0.0584,0.0875,0.0876,0.0296,0.104,-0.0521,0.0597,0.0672,0.0334,0.0256,0.00291,-0.0285,-0.0147,0.0395,0.0578
Oman,,,,,,0.0178,-0.0354,0.115,0.0111,-0.0623,0.161,0.0248,0.403,2.01,0.0237,0.013,0.06,0.038,0.306,0.511,0.0368,-0.0672,-0.1,-0.0472,-0.00512,-0.206,0.112,0.0132,0,0.248,-0.085,0.0127,-0.0539,-0.0045,0.0176,0.0742,-0.0224,-0.134,0.117,0.178,-0.0456,0.047,0.103,0.13,0.225,0.136,0.0826,0.338,-0.251,0.156,0.171,0.0325,-0.0157,0.00154,-0.188,-0.0886,0.0678,0.103
Pakistan,0.032,-0.000771,-0.0131,0.0504,0.0388,0.0387,0.0863,0.019,0.0114,0.0431,0.0524,0.0621,0.155,0.254,0.24,0.119,0.0909,0.0903,0.0659,0.0906,0.0991,0.0937,0.0527,0.0965,0.0453,0.0329,0.0452,0.0962,0.0859,0.0645,0.131,0.101,0.087,0.129,0.139,0.0837,0.134,0.0753,0.0586,0.249,0.0789,0.0246,0.0444,0.0775,0.0703,0.191,0.0727,0.132,0.207,0.109,0.196,0.0597,0.0697,0.0741,0.0411,0.004,0.0401,0.0247
Palau,,,,,,,,,,,,,,,,,,,,,,,,,,,,,,,,,,,,,,,,,0.00812,0.00538,-0.0293,0.0215,0.0751,0.0403,0.016,0.0776,-0.0122,-0.00218,0.00372,0.0732,0.0734,0.0428,0.0476,0.062,-0.0112,-0.0248
Palestine,,,,,,,,,,,,,,,,,,,,,,,,,,,,,,,,,,,0.0778,0.0262,-0.0383,-0.0537,-0.0303,0.104,0.0234,0.0149,-0.0213,-0.0112,0.00732,0.0575,0.052,0.143,0.00229,0.134,0.0445,0.0141,0.0821,0.0211,-0.0364,0.0118,0.047,-0.000919
Panama,0.00535,0.00572,0.0212,0.0282,0.0062,0.0128,0.0259,0.00564,0.0121,0.0342,0.029,0.05,0.0854,0.116,0.0938,0.0453,0.0466,0.0792,0.0925,0.101,0.0364,0.0487,0.075,0.0163,0.0081,0.00338,0.0229,-0.00192,-0.0128,0.00565,0.00493,0.0506,0.0355,0.0368,0.00467,-0.00942,0.0161,0.00998,0.00842,-0.0125,0.0103,0.0167,0.0113,0.0196,0.0175,0.0197,0.0482,0.0753,0.0647,0.0259,0.0584,0.0618,0.0551,0.042,0.0248,0.0208,0.0203,0.00745
Papua New Guinea,0.000363,0.00286,0.0153,0.019,0.0223,0.0736,0.0856,0.0525,0.0494,0.0565,0.0341,0.0713,0.197,0.0892,0.0227,0.197,0.0744,-0.0203,0.161,0.0709,-0.013,0.0368,0.187,0.0744,0.0162,0.0136,0.0797,0.0792,-0.0254,0.0414,0.0699,0.0288,-0.025,0.0725,0.159,0.0181,0.0843,0.145,0.111,0.131,0.0691,0.123,0.0554,-0.0199,0.122,0.605,0.028,0.117,-0.0488,0.0992,0.0883,-0.00575,0.0359,0.0544,-0.0385,0.0391,0.077,0.0712
Paraguay,0.0668,0.0842,0.0165,0.0207,0.0232,0.0298,-0.0312,0.00519,0.0264,0.0126,0.059,0.0852,0.206,0.236,0.0608,0.0454,0.104,0.0922,0.193,0.165,0.158,0.0547,0.159,0.288,0.261,0.269,0.28,0.272,0.315,0.366,0.251,0.141,0.122,0.126,0.111,0.114,0.0341,0.163,0.107,0.147,0.139,0.179,0.151,0.118,0.13,0.0886,0.126,0.122,0.0374,0.0459,0.0509,0.0478,0.0441,0.028,0.016,0.0412,0.0215,0.0215
Peru,0.031,0.0301,0.0501,0.136,0.123,0.0932,0.101,0.183,0.0814,0.12,0.0664,0.0713,0.126,0.152,0.222,0.297,0.357,0.637,0.763,0.379,0.653,0.667,1.07,1.08,1.66,0.684,0.856,5.86,25.7,62.6,3.78,0.693,0.464,0.267,0.136,0.0969,0.0728,0.0537,0.0293,0.0352,0.00455,0.00109,0.018,0.0628,0.035,0.0766,0.0149,0.011,0.0206,0.0571,0.0675,0.012,0.0106,0.0243,0.0269,0.0308,0.0362,0.0202
Philippines,0.0304,0.0679,0.0857,0.0451,0.0398,0.0533,0.0196,0.0641,0.0589,0.152,0.144,0.0651,0.169,0.326,0.0932,0.083,0.0827,0.0933,0.148,0.142,0.117,0.087,0.142,0.533,0.176,0.0295,0.075,0.0965,0.0903,0.13,0.165,0.0793,0.0683,0.0999,0.0755,0.0766,0.0622,0.224,0.0659,0.0571,0.0555,0.0416,0.032,0.0552,0.0583,0.0495,0.0309,0.0755,0.0277,0.0422,0.0402,0.0197,0.0205,0.0316,-0.00587,0.0169,0.0233,0.0376
Poland,,,,,,,,,,,,,,,,,,,,,,,,,,,,,,,0.553,0.386,0.306,0.372,0.28,0.18,0.137,0.11,0.0616,0.0611,0.0312,0.0185,0.00767,0.0491,0.0257,0.0173,0.0371,0.0388,0.0377,0.0166,0.0323,0.0235,0.0029,0.005,0.0077,0.00309,0.0183,0.0115
Portugal,0.0141,0.00677,0.00568,0.0201,0.0387,0.0526,0.0394,0.0167,0.074,0.0331,0.0502,0.078,0.0947,0.189,0.162,0.163,0.264,0.223,0.194,0.209,0.176,0.207,0.246,0.247,0.217,0.205,0.101,0.112,0.105,0.131,0.101,0.114,0.0738,0.0728,0.0343,0.0239,0.0389,0.0383,0.0337,0.0342,0.0372,0.0419,0.0343,0.024,0.0333,0.0318,0.0297,0.0174,0.011,0.00642,-0.00265,-0.00388,0.0225,0.00705,0.0202,0.0172,0.0151,0.0158
Qatar,,,,,,,,,,,,,,,,,,,,,,,,,,,,,,,,,,,,,,,,,-0.0495,0.0301,0.172,0.131,0.305,0.0836,0.11,0.229,-0.242,0.0698,0.183,0.0637,0.0187,-0.00199,-0.243,-0.0815,0.083,0.13
Romania,,,,,,,,,,,,,,,,,,,,,,,,,,,,,,,1.95,2,2.27,1.39,0.439,0.44,1.35,0.481,0.495,0.432,0.38,0.227,0.232,0.155,0.12,0.106,0.158,0.16,0.0409,0.0354,0.0378,0.0401,0.0339,0.0174,0.0261,0.0246,0.0468,0.0588
Russia,,,,,,,,,,,,,,,,,,,,,,,,,,,,,,0.159,1.29,14.9,8.88,3.07,1.44,0.46,0.151,0.185,0.724,0.377,0.165,0.157,0.137,0.203,0.193,0.151,0.138,0.18,0.0197,0.142,0.248,0.0904,0.0539,0.0735,0.0759,0.0317,0.0536,0.103
Rwanda,0.0712,-0.0797,0.136,0.16,0.0696,0.369,0.37,0.00848,-0.0128,0.0994,-0.00114,0.0185,0.0392,0.159,0.88,-0.0189,0.135,0.0366,0.0607,0.0306,0.0771,0.0488,0.0245,0.169,0.0456,-0.0702,0.00665,0.0223,0.053,0.135,0.15,0.0728,0.139,0.172,0.513,0.109,0.156,0.0223,-0.0635,0.0278,0.0115,-0.0504,0.218,0.131,0.0913,0.105,0.118,0.143,0.0825,0.0261,0.0835,0.0527,0.0313,0.0447,0.00286,0.055,0.0734,-0.00793
Samoa,,,,,,,,,,,,,,,,,,,,,,,0.179,0.159,0.0154,-0.0031,0.0452,0.184,-0.0279,0.0901,0.0611,0.0857,0.00655,0.682,-0.0698,0.0459,0.118,0.0341,0.0248,0.0289,0.0243,0.0243,0.0262,0.0702,0.00856,0.0926,-0.00138,0.086,0.0244,0.049,0.00414,0.0364,0.0096,-0.00158,0.0424,0.0119,-0.000556,0.0204
San Marino,,,,,,,,,,,,,,,,,,,,,,,,,,,,,,,,,,,,,,0.018,0.0154,0.0255,0.0274,0.0235,0.0248,0.0195,0.0174,0.0197,0.0174,0.0168,0.0384,-0.0042,0.0106,0.0253,0.0342,-0.0319,0.0127,0.00761,0.00947,
Sao Tome and Principe,,,,,,,,,,,,,,,,,,,,,,,,,,,,,,,,,,,,,,,,,,0.126,0.157,0.145,0.186,0.131,0.1,0.265,0.0757,0.125,0.0778,0.136,0.107,0.0821,0.0512,0.051,0.0198,0.0469
Saudi Arabia,,,,,,,,,0.0102,-0.244,0.105,0.0108,0.114,1.5,0.121,0.166,0.0808,0.101,0.231,0.378,0.117,0.0631,0.012,-0.00923,-0.0104,-0.269,0.0674,-0.0895,0.0858,0.071,-0.0226,-0.00297,-0.0166,0.0109,0.0582,0.0784,0.0346,-0.139,0.145,0.109,-0.0165,0.0596,0.0232,0.111,0.201,0.116,0.0844,0.177,-0.157,0.172,0.155,0.0402,-0.0122,-0.0227,-0.169,-0.0305,0.0757,0.115
Senegal,0.0247,0.0254,0.0149,0.02,0.00453,0.00416,0.0133,-0.00542,0.0687,0.0204,0.03,0.041,0.0768,0.168,0.116,0.0379,0.0816,0.0677,0.0971,0.115,0.11,0.0977,0.0927,0.0779,0.0899,0.0574,-0.0159,-0.014,0.0152,-0.000179,-0.00724,-0.00929,-0.0013,0.339,0.0737,0.0432,0.0205,0.0276,0.00354,0.0194,0.0261,0.033,0.00513,0.0053,0.0248,0.0399,0.0532,0.0654,-0.00992,0.0108,0.0354,0.0262,0.00106,-0.0212,0.0107,0.00955,0.0156,0.0235
Serbia,,,,,,,,,,,,,,,,,,,,,,,,,,,,,,,,,,,,0.852,0.184,0.254,0.332,0.786,0.892,0.18,0.126,0.0909,0.155,0.124,0.087,0.0909,0.0789,0.0573,0.0891,0.062,0.0513,0.0259,0.0183,0.0146,0.0304,0.0212
Seychelles,0.0146,0.00599,-0.0000246,0.0438,0.0245,-0.0747,0.0204,0.034,0.0235,0.0291,0.0157,0.277,0.125,0.209,0.135,0.0913,0.438,-0.00455,0.17,0.221,0.131,0.002,0.0423,0.0293,0.0151,0.0674,0.0414,0.0386,0.0129,0.0683,-0.0204,0.0468,0.041,0.00961,-0.00779,-0.0153,0.0108,0.0437,0.0206,0.0398,0.0616,0.0361,0.0595,0.247,0.00459,0.0144,0.118,0.35,0.275,-0.0421,0.045,0.0866,0.0404,0.0229,0.0209,-0.00791,0.0342,0.0406
Sierra Leone,-0.0000003,0.0000001,0.0000002,-0.0000001,0.052,0.0273,-0.0585,0.0667,0.142,-0.0214,-0.0693,0.0595,0.232,0.142,0.0887,0.0828,0.197,0.239,0.115,-0.0601,0.087,0.185,0.194,0.398,0.689,0.785,1.66,0.643,0.615,0.706,1.29,0.82,0.267,0.251,0.336,0.296,0.0225,0.238,0.172,0.0328,0.738,-0.0392,0.131,0.128,0.166,0.123,0.068,0.0999,0.0778,0.172,0.174,0.12,0.0693,0.018,0.189,0.0178,0.146,0.134
Singapore,0.00332,0.00469,0.00925,0.00564,0.0108,0.021,0.00361,0.0144,0.0228,0.0155,0.0485,0.0573,0.132,0.163,0.029,0.0172,0.0201,0.0404,0.0524,0.111,0.0588,0.0453,0.0317,0.00788,-0.0147,-0.0125,0.00533,0.0543,0.0416,0.047,0.0444,0.0139,0.0345,0.0346,0.0315,0.0151,0.0108,-0.0132,-0.0358,0.0386,-0.0182,-0.00889,-0.0179,0.0407,0.0191,0.0185,0.0592,-0.0139,0.0296,0.011,0.0113,0.00482,-0.00429,-0.00234,0.0316,0.00785,0.0255,0.0191
Slovak Republic,,,,,,,,,,,,,,,,,,,,,,,,,,,,,,,,,0.156,0.134,0.0989,0.0454,0.0479,0.0485,0.0722,0.0949,0.0512,0.0394,0.0533,0.0574,0.0254,0.029,0.0112,0.0286,-0.0116,0.00488,0.0167,0.0127,0.00511,-0.00191,-0.00218,-0.00508,0.0121,0.0204
Slovenia,,,,,,,,,,,,,,,,,,,,,,,,,,,,,,,0.949,2.08,0.371,0.226,0.254,0.115,0.0843,0.0743,0.0653,0.0557,0.0868,0.0758,0.0564,0.0336,0.0152,0.0222,0.0418,0.0447,0.034,-0.0103,0.0104,0.00479,0.016,0.00456,0.0101,0.00751,0.0158,0.0223
Solomon Islands,,,,,,,,,,,,,,,,,,,,,,,,,,,,,,,0.0725,0.132,0.136,0.0695,0.0684,0.122,0.0626,0.0561,0.0332,0.107,0.0374,0.122,0.017,0.0717,0.053,0.0426,0.0588,0.114,0.0726,0.0681,0.146,0.0501,0.0234,0.0249,0.0308,0.0368,0.0186,0.0346
Somalia,0.0979,-0.00824,0.033,0.131,0.129,-0.0321,-0.00324,0.034,0.0652,0.00689,0.0184,0.12,0.116,0.131,0.169,0.147,0.0979,0.146,0.13,1.01,0.201,0.268,0.32,0.717,0.296,0.335,0.327,0.698,0.974,2.15,,,,,,,,,,,,,,,,,,,,,,,,,,,,
South Africa,0.0135,0.00383,0.0327,0.0199,0.0295,0.0437,0.0403,0.038,0.0759,0.0429,0.0601,0.111,0.184,0.159,0.108,0.104,0.112,0.116,0.151,0.249,0.101,0.14,0.165,0.115,0.168,0.172,0.145,0.151,0.172,0.155,0.157,0.146,0.13,0.0956,0.102,0.0791,0.0799,0.0779,0.0703,0.088,0.0764,0.122,0.0579,0.0653,0.0545,0.0626,0.0885,0.0883,0.075,0.0635,0.0653,0.0528,0.0616,0.0555,0.0517,0.0721,0.0527,0.0392
South Korea,0.13,0.168,0.298,0.303,0.0487,0.145,0.129,0.138,0.141,0.149,0.112,0.158,0.127,0.306,0.236,0.213,0.144,0.22,0.185,0.246,0.166,0.0648,0.0485,0.0442,0.0399,0.0496,0.0495,0.0711,0.0604,0.101,0.0948,0.0774,0.062,0.081,0.0694,0.0426,0.0406,0.0462,-0.0118,0.0109,0.0365,0.0306,0.034,0.0298,0.0103,-0.0014,0.024,0.0296,0.0354,0.0316,0.0158,0.0104,0.00853,0.006,0.0239,0.0198,0.0227,0.00321
South Sudan,,,,,,,,,,,,,,,,,,,,,,,,,,,,,,,,,,,,,,,,,,,,,,,,,-0.118,0.129,0.388,0.465,0.365,-0.267,0.177,,,
Spain,0.0247,0.061,0.0785,0.0625,0.0916,0.0817,0.0854,0.0591,0.0513,0.0907,0.0785,0.0852,0.118,0.159,0.168,0.165,0.234,0.206,0.169,0.134,0.124,0.136,0.119,0.109,0.086,0.109,0.0594,0.0594,0.069,0.0733,0.0694,0.0671,0.0454,0.0388,0.0493,0.0346,0.0236,0.0257,0.0254,0.0333,0.0411,0.0408,0.0393,0.0388,0.041,0.0398,0.0342,0.0225,0.00144,0.00153,-0.000198,-0.00115,0.00398,-0.00223,0.00546,0.00323,0.0138,0.0109
Sri Lanka,,-0.0235,0.0331,0.016,0.0117,-0.018,0.0184,0.121,0.013,0.125,0.015,0.0897,0.127,0.244,0.0535,0.0998,0.147,0.109,0.154,0.2,0.209,0.121,0.169,0.203,0.00584,0.0592,0.0775,0.101,0.109,0.201,0.106,0.094,0.0988,0.0977,0.093,0.108,0.0892,0.0921,0.0416,0.0728,0.137,0.0811,0.0875,0.088,0.104,0.113,0.14,0.163,0.0588,0.228,0.0383,0.108,0.0624,0.0291,0.00649,0.0484,0.0816,0.0434
St. Kitts and Nevis,,,,,,,,,,,,,,,,,,0.0692,0.106,0.0729,0.164,0.0576,-0.00192,0.0426,0.0371,0.0619,0.0611,0.0701,0.0569,0.076,0.0344,0.053,0.0199,0.0627,0.00783,0.00647,0.0491,0.028,0.0278,-0.0343,0.0394,0.0208,0.0128,0.0468,-0.00488,0.105,0.102,0.0291,0.000551,0.021,0.0564,0.00109,-0.00443,0.0269,-0.00312,0.0231,0.0473,-0.0149
St. Lucia,,,,,,,,,,,,,,,,,,0.0562,0.166,0.211,0.0812,0.0657,0.0268,0.0272,0.0245,0.0449,0.0626,0.00471,0.0396,0.0833,0.0546,0.0176,0.0101,0.0259,0.0505,0.00478,0.029,0.0239,0.0236,0.0111,-0.00938,0.00425,0.0523,0.00719,0.069,0.0516,0.105,-0.042,0.00847,0.0909,-0.00882,-0.0000681,0.0512,0.0368,0.0617,-0.00568,0.0411,0.0489
St. Vincent and the Grenadines,0.025,0.000537,0.00686,0.0385,0.0147,0.0656,0.117,0.0331,0.0545,0.000586,0.0422,0.0636,0.254,0.254,0.155,0.0771,0.373,0.123,0.13,0.131,0.185,0.0666,0.0519,0.0362,0.0159,0.0458,0.0868,0.00217,0.055,0.0747,0.0483,0.0254,-0.0119,0.0237,0.0131,0.0357,0.0136,0.0321,0.0182,-0.00217,0.067,0.0102,-0.0314,0.0401,0.0295,0.0301,0.0841,0.000198,-0.00868,0.0444,-0.0033,0.0109,0.0221,-0.00308,0.0244,0.0061,0.0128,0.00245
Sudan,0.0854,0.0159,0.0471,0.0391,-0.0239,0.064,0.0676,0.0237,0.0861,0.0732,0.0656,0.143,0.232,0.154,0.0528,0.0687,0.174,0.249,0.24,0.22,0.25,0.306,0.261,0.336,0.462,0.286,0.259,0.789,0.367,0.662,0.888,1.09,0.975,1.59,1.05,0.326,0.476,0.177,0.158,0.0985,0.0161,0.0739,0.0967,0.157,0.0862,0.0938,0.0667,0.142,0.0396,0.196,0.21,0.349,0.349,0.339,0.179,-0.0275,0.329,0.239
Suriname,0.0313,0.038,0.0269,0.00196,0.0241,0.0359,0.0343,0.0163,0.0295,0.0309,0.0538,0.0426,0.108,0.203,0.105,-0.0019,0.152,0.0755,0.0703,0.114,0.0441,0.0744,0.00476,-0.00313,-0.0094,0.0125,0.173,0.099,0.121,0.499,0.123,0.349,1.57,4.38,2.77,0.119,0.0149,0.172,0.74,0.607,0.395,0.375,0.213,0.128,0.155,0.39,0.0643,0.155,0.0648,0.072,0.138,0.107,0.00384,0.0158,-0.0208,0.277,0.146,0.144
Swaziland,,,,,,,,,,,0.0712,0.0963,0.252,0.103,0.0421,0.136,0.104,0.106,0.136,0.0821,0.0351,0.152,0.0474,0.111,0.0599,0.139,0.0111,0.241,0.0289,0.304,0.0878,0.112,0.174,0.11,0.166,0.0768,0.113,0.0741,0.0537,0.253,0.0894,0.0891,0.0601,0.0387,0.0656,0.0404,0.0501,0.104,0.0977,0.032,0.0534,0.0876,0.0653,0.0714,0.0584,0.0734,0.0285,0.0279
Sweden,0.0294,0.0402,0.0276,0.044,0.0599,0.0655,0.0501,0.0239,0.0342,0.0517,0.0711,0.0697,0.0703,0.0946,0.145,0.119,0.105,0.0955,0.0794,0.117,0.0877,0.0808,0.0995,0.0764,0.064,0.0632,0.0472,0.0657,0.0792,0.0947,0.0825,0.0102,0.0221,0.026,0.038,0.0101,0.0152,0.0082,0.00886,0.0148,0.0247,0.0155,0.0171,0.00314,0.00669,0.0177,0.0285,0.0325,0.0237,0.00953,0.0109,0.00998,0.00932,0.0174,0.022,0.015,0.0218,0.0233
Switzerland,,,,,,,,,,,0.0915,0.098,0.0814,0.0693,0.0713,0.0273,0.00258,0.0361,0.0199,0.0271,0.0566,0.0735,0.0237,0.0376,0.0227,0.0303,0.0219,0.0279,0.0346,0.046,0.0541,0.0212,0.0232,0.0118,0.00738,0.00162,-0.00411,-0.00117,0.00115,0.015,0.0102,-0.00254,0.0113,0.00344,0.0069,0.021,0.0241,0.0203,0.00362,0.00317,0.00342,-0.00174,0.000253,-0.00625,-0.00626,-0.00605,-0.00574,0.00231
Syria,-0.00565,-0.0275,0.225,0.0212,-0.0295,0.0759,0.00938,0.0432,-0.0318,0.03,0.0721,-0.0789,0.168,0.295,0.0876,0.0818,0.107,0.103,0.161,0.175,0.172,0.024,0.0504,0.0716,0.041,0.263,0.254,0.286,0.233,0.193,0.0761,0.0512,0.0585,0.136,0.0668,0.159,0.0601,-0.00299,0.0744,0.097,0.0456,-0.0131,0.00597,0.103,0.12,0.0779,0.12,,,,,,,,,,,
Tajikistan,,,,,,,,,,,,,,,,,,,,,,,,,,-0.0403,0.0582,-0.0257,0.0726,0.0629,0.996,5.74,12.1,2.63,2.95,4.3,0.653,0.879,0.265,0.226,0.309,0.188,0.272,0.174,0.0957,0.21,0.273,0.282,0.121,0.124,0.133,0.119,0.0363,0.0476,0.0149,0.053,0.0438,0.0484
Tanzania,,,,,,,,,,,,,,,,,,,,,,,,,,,,,0.206,0.224,0.281,0.254,0.245,0.312,0.269,0.193,0.206,0.672,0.107,0.082,0.0482,0.0723,0.0842,0.0689,0.0639,0.0551,0.091,0.164,0.0904,0.0943,0.122,0.105,0.0967,0.0605,0.0759,0.0747,0.027,0.0478
Thailand,0.037,0.0054,-0.0117,0.0268,0.0432,0.0825,-0.0167,-0.00253,0.0333,-0.05,-0.00786,0.0634,0.184,0.203,0.0349,0.045,0.0601,0.097,0.0865,0.127,0.0837,0.0506,0.0365,0.0145,0.0218,0.0165,0.0472,0.0592,0.0612,0.0577,0.0575,0.0449,0.0649,0.0467,0.0574,0.041,0.0442,0.0806,-0.0258,0.0133,0.0192,0.0169,0.0215,0.0357,0.0509,0.051,0.0247,0.0513,0.00195,0.0408,0.0374,0.0191,0.0178,0.0144,0.00722,0.0246,0.0206,0.0141
Timor-Leste,,,,,,,,,,,,,,,,,,,,,,,,,,,,,,,,,,,,,,,,,0.118,0.0539,0.0679,-0.105,0.0181,0.0238,0.0851,0.0731,0.0191,0.108,0.13,0.0265,0.191,-0.00708,0.0705,0.00163,0.0104,-0.0178
Togo,-0.0695,0.00715,0.0317,0.0146,-0.0232,0.0574,0.0175,0.000609,0.0484,-0.0162,0.124,-0.00372,0.0313,0.42,-0.0426,0.142,0.207,-0.123,0.0755,0.105,0.126,0.0709,0.143,0.0188,0.034,0.0559,0.0166,0.0259,0.00992,0.0298,0.0267,0.0325,-0.082,0.358,0.111,0.0539,0.0204,0.0956,0.0112,0.1,0.0163,0.0503,-0.0289,-0.0191,0.0588,-0.00509,0.0497,0.118,0.0158,0.00635,0.0108,0.0171,0.0172,-0.000842,0.0348,0.0191,0.0086,0.0133
Tonga,,,,,,,,,,,,,,,,,,,,,,0.0787,0.0826,0.0651,0.102,0.162,0.11,0.0907,0.0681,0.122,0.0946,0.0745,0.000658,0.272,-0.0298,0.0507,-0.00774,0.0224,0.0644,0.0308,0.0323,0.0858,0.0933,0.0588,0.0662,0.172,0.0615,0.0719,-0.0234,0.0368,0.0579,0.0239,0.00746,0.00866,0.0141,0.0169,0.0409,0.0359
Trinidad and Tobago,-0.0424,0.0305,0.037,-0.0248,0.0275,-0.0557,0.0461,0.0892,-0.000543,0.0187,0.0664,0.111,0.212,0.575,0.246,0.08,0.133,0.0316,0.247,0.227,0.0722,0.122,0.0632,0.0601,0.0124,-0.0125,0.0485,0.0416,0.0718,0.155,0.0157,-0.0691,0.0881,0.133,0.0417,0.0185,-0.0354,-0.0186,0.043,0.12,0.0279,-0.0519,0.105,0.0888,0.133,0.0173,0.128,0.238,-0.276,0.127,0.157,0.00345,0.0374,0.0168,-0.113,-0.00771,0.0495,0.0606
Tunisia,,,,,,0.0153,0.0413,0.0133,0.0138,0.066,0.0548,0.0289,0.0856,0.244,0.0499,0.029,0.0965,0.0646,0.104,0.128,0.114,0.16,0.127,0.0698,0.036,0.0352,0.0517,0.077,0.0883,0.0448,0.0704,0.0569,0.0469,0.0453,0.0535,0.0436,0.141,0.0327,0.0336,0.0328,0.0391,0.0229,0.0268,0.0335,0.0418,0.0384,0.0211,0.0635,0.0303,0.0382,0.0428,0.049,0.0382,0.0451,0.0349,0.047,0.0535,0.0691
Turkey,0.0437,0.0579,0.0642,0.0235,0.0412,0.0595,0.0594,0.0476,0.0688,0.0864,0.169,0.11,0.219,0.29,0.213,0.156,0.241,0.475,0.767,0.93,0.441,0.282,0.263,0.482,0.531,0.36,0.336,0.69,0.754,0.582,0.592,0.652,0.684,1.05,0.86,0.772,0.815,1.44,0.543,0.493,0.529,0.376,0.233,0.124,0.071,0.0937,0.0622,0.12,0.054,0.0701,0.0819,0.0742,0.0627,0.0742,0.0783,0.081,0.11,0.164
Turkmenistan,,,,,,,,,,,,,,,,,,,,,,,,,,,,-0.0272,0.0831,-0.209,1.06,30.9,11.3,9.52,7.06,10.1,0.618,0.176,0.23,0.235,0.323,0.252,0.272,0.183,0.0703,0.122,0.0927,0.597,0.0976,0.0231,0.129,0.0827,0.0115,0.00669,-0.0515,-0.0484,-0.0157,0.012
Tuvalu,,,,,,,,,,,,,,,,,,,,,,,,,,,,,,,0.0265,0.0734,0.0255,-0.0466,0.0515,0.127,-0.013,0.0274,0.0612,0.128,0.0591,0.0332,0.0225,0.056,0.015,0.0413,-0.00131,0.0352,0.00689,0.0264,0.00615,0.00809,0.0211,0.0507,0.0463,0.01,0.0356,0.0492
Uganda,,,,,,,,,,,,,,,,,,,,,,,0.459,0.253,1.2,1.37,1.81,1.9,1.15,0.444,0.26,0.451,0.301,0.0685,0.0938,0.0457,0.031,0.0879,-0.00113,0.111,0.0453,-0.0317,0.0781,0.156,-0.0174,0.0241,0.0732,0.0636,0.34,0.106,0.0463,0.215,0.0403,0.034,0.05,0.0364,0.0628,0.032
Ukraine,,,,,,,,,,,,,,,,,,,,,,,,,,,,0.0172,0.0385,0.163,0.956,17.6,33.3,9.53,4.16,0.661,0.181,0.12,0.274,0.231,0.0984,0.0507,0.0811,0.151,0.242,0.147,0.231,0.286,0.13,0.139,0.142,0.0779,0.0434,0.159,0.389,0.171,0.221,0.154
United Arab Emirates,,,,,,,,,,,,,,,,0.118,0.0526,-0.0366,0.0705,0.0952,0.0705,0.0131,-0.0362,-0.061,0.00741,-0.017,0.0369,0.0238,0.0175,0.0334,0.00811,0.0181,0.0128,-0.00262,0.0391,0.0577,-0.00952,-0.0425,0.0844,0.115,-0.0235,0.0377,0.0407,0.085,0.165,0.12,0.125,0.185,-0.152,0.125,0.132,0.0224,-0.00867,-0.00906,-0.155,-0.0327,0.0527,0.078
United Kingdom,0.0339,0.0337,0.0159,0.0334,0.0559,0.0498,0.0277,0.0396,0.0604,0.0925,0.0801,0.0721,0.0843,0.15,0.258,0.151,0.137,0.115,0.141,0.197,0.116,0.074,0.0512,0.0502,0.0546,0.0435,0.0553,0.0611,0.0795,0.0788,0.064,0.0335,0.027,0.0135,0.102,0.0412,0.0107,0.0095,0.00908,0.0186,0.00996,0.0211,0.0226,0.0255,0.0251,0.0277,0.0258,0.0288,0.0165,0.0153,0.0204,0.0166,0.019,0.0183,0.00581,0.0214,0.0189,0.019
United States,0.0135,0.0124,0.0109,0.015,0.0192,0.029,0.0315,0.0437,0.0496,0.055,0.0507,0.0432,0.0548,0.09,0.0926,0.055,0.0621,0.0703,0.083,0.0903,0.0946,0.0618,0.0392,0.0361,0.0316,0.0201,0.0247,0.0353,0.0392,0.0374,0.0338,0.0228,0.0237,0.0214,0.021,0.0183,0.0172,0.0113,0.0144,0.0224,0.0219,0.0158,0.0186,0.0269,0.0311,0.0303,0.0269,0.0195,0.00762,0.0117,0.0209,0.0192,0.0175,0.0189,0.0107,0.0109,0.019,0.0244
Uruguay,0.184,0.12,0.199,0.404,0.622,0.723,0.785,1.16,0.271,0.0419,0.317,0.692,1.92,0.285,0.66,0.473,0.556,0.468,0.792,0.548,0.273,0.182,0.537,0.563,0.74,0.71,0.728,0.746,0.761,1.07,1.01,0.596,0.479,0.39,0.41,0.264,0.275,0.124,0.0433,0.0354,0.0483,0.126,0.165,0.101,0.00678,0.0653,0.0942,0.0802,0.0775,0.0491,0.0901,0.0856,0.0815,0.0937,0.0902,0.0735,0.0471,0.0556
Uzbekistan,,,,,,,,,,,,,,,,,,,,,,,,,,,,-0.0131,0.0138,0.0398,0.907,7.12,10.8,12.4,3.71,0.816,0.661,0.39,0.441,0.473,0.452,0.455,0.268,0.159,0.214,0.235,0.219,0.268,0.173,0.394,0.215,0.155,0.117,0.143,0.104,0.0875,0.194,0.281
Vanuatu,,,,,,,,,,,,,,,,,,,,0.0662,0.0745,-0.0165,0.0181,0.122,-0.0344,-0.0297,0.165,0.0981,0.0645,-0.00997,0.103,0.0278,0.0205,0.0235,0.0171,0.0208,0.0318,0.0816,0.0308,0.0218,0.0372,0.0278,0.00788,0.0212,0.00422,0.0387,0.0547,0.0732,0.0231,0.0262,0.031,0.00414,0.0266,0.0198,0.0445,0.0181,0.0417,0.0286
Venezuela,0.0201,0.00665,0.0492,-0.00366,0.0217,0.0264,0.0243,0.0107,0.0178,0.0436,0.0823,0.0627,0.112,0.501,0.0226,0.0619,0.0845,0.0609,0.219,0.28,0.126,0.0428,0.0364,0.426,0.104,-0.0118,0.374,0.185,0.892,0.417,0.214,0.282,0.316,0.629,0.518,1.16,0.339,0.189,0.262,0.295,0.08,0.33,0.349,0.34,0.296,0.179,0.154,0.301,0.0783,0.459,0.281,0.141,0.355,0.404,,,,
Vietnam,,,,,,,,,,,,,,,,,,,,,,,,,,3.98,3.63,4.11,0.697,0.421,0.725,0.326,0.174,0.17,0.17,0.087,0.066,0.0884,0.0573,0.0341,0.0262,0.047,0.0711,0.0843,0.188,0.0857,0.0963,0.227,0.0622,0.121,0.213,0.109,0.0476,0.0366,-0.00191,0.0111,0.0409,0.034
Yemen,,,,,,,,,,,,,,,,,,,,,,,,,,,,,,,0.12,0.132,0.164,0.208,0.457,0.368,0.133,-0.0834,0.335,0.236,0.0266,0.0864,0.109,0.141,0.185,0.136,0.109,0.204,-0.0871,0.236,0.181,0.0589,0.0921,0.0716,0.271,0.0472,0.199,0.472
Zambia,-0.0366,0.0209,0.00404,0.0408,0.106,0.236,0.00263,0.159,0.229,-0.114,-0.075,0.0371,0.199,0.108,-0.142,0.152,0.0825,0.127,0.219,0.118,0.0716,0.0614,0.186,0.183,0.411,0.82,0.62,0.345,0.809,1.06,0.927,1.66,1.44,0.807,0.306,0.243,0.254,0.169,0.179,0.326,0.253,0.194,0.176,0.197,0.167,0.145,0.13,0.106,0.0556,0.14,0.111,0.0699,0.0973,0.0544,0.0666,0.136,0.102,0.0933
Zimbabwe,-0.0204,0.0047,-0.0235,0.0614,0.027,-0.0373,0.00577,0.0387,0.0508,-0.121,0.0616,0.135,0.205,0.129,0.119,-0.0167,0.0851,0.0248,0.152,0.127,0.066,0.0386,-0.105,-0.166,-0.17,0.0803,0.0719,0.0779,0.00793,-0.0092,-0.0678,-0.141,-0.0379,-0.039,0.0304,0.0898,-0.0288,-0.27,0.0801,0.00628,-0.00131,0.0271,0.088,0.0761,0.0514,-0.0202,0.00895,0.0135,0.954,0.041,0.0255,0.0403,0.0937,-0.00252,0.00608,0.0216,0.0603,0.28
